Производитель;Тренд;Нарушения экспертно;Тяжесть нарушения экспертно;Изъятие из обращения;Приостановлена реализация;Разрешен;Скорость реагирования;Тяжесть нарушения;Наименование товара;place_total_fail;lat;long;place_id;google_name;google_rating;site;reviews;world_rank;country_rank;link_numbers;place_was_nullated;place_no_end;place_time;place_size;Юридическое лицо, на имя которого выдано регистрационное удостоверение;place_fail_rel_size;Иностранцы;Россия;контрафактное ЛС;недоброкачественное ЛС;незарегистрированное ЛС;оригинальное ЛС;сомнительное ЛС;фальсифицированное ЛС;Партия;Брак поставщика (подтвержден);Брак производителя (изъятие без уничтожения);Брак производителя (партия);Брак производителя (территория);Брак производителя Россия;Изменение;Изъятие;Изъятие незарегистрированного ЛС;Изъятие по неподтвержденной декларации;Контрафакт;Незаконный ввоз;О переводе на предварительный контроль;Отзыв;Отзыв деклараций о соответствии;Отзыв производителем;Отзыв производителем (Ф/С);Отзыв производителем партии;Ошибка репортера;Прекращение обращения;Приостановление;Приостановление реализации;Разрешение (партия);Разрешение (серия);Разрешение реализации;Фальсификация;Фальсификация (изъятие по признакам);Фальсификация полное изъятие;Фальсификация приостановление;place_total_letters;Итоговый рейтинг
Уралбиофарм ОАО;1.0;;0.0;0.78125;0.21875;0.0;;1.0;5;32.0;55.811562;37.523126;ChIJ-8ek18xJtUYR3JOmVnhoXCE;Уралбиофарм;;http://ubf.ru/;[];6698185.0;709699.0;34.0;0.9733333333333334;0.8401754385964912;1826.2666666666669;103.0;Уралбиофарм ОАО;0.04854368932038835;0.0;1.0;0.0;0.9579831932773109;0.04201680672268908;0.0;0.0;0.0;0.012605042016806723;0.0;0.004201680672268907;0.0;0.06722689075630252;0.037815126050420166;0.0;0.008403361344537815;0.0;0.0;0.0;0.0;0.0;0.1134453781512605;0.004201680672268907;0.3781512605042017;0.09663865546218488;0.004201680672268907;0.0;0.03361344537815126;0.12605042016806722;0.1176470588235294;0.0;0.0;0.008403361344537815;0.0;0.0;0.0;0.0;238.0;0.5161812297734628
Биотест Фарма ГмбХ;0.0;;0.0;0.0;1.0;1.0;59.0;0.4;3;9.0;55.6825777;37.5507008;ChIJ-VjiQOxMtUYRWnZshldLBbE;Биотест Фарма ГмбХ;;;[];;;;1.0;0.8260869565217391;1826.0;23.0;Биотест Фарма ГмбХ;0.13043478260869565;1.0;0.0;0.0;0.0;0.0;1.0;0.0;0.0;0.0;0.0;0.0;0.0;0.0;0.0;0.0;0.0;0.0;0.0;0.0;0.0;0.0;0.0;0.0;0.0;0.0;0.0;0.0;0.0;0.0;0.5;0.0;0.0;0.5;0.0;0.0;0.0;0.0;18.0;0.34347826086956523
Новартис Консьюмер Хелс С.А.;0.0;;0.0;1.0;0.0;0.0;;0.4;1;1.0;55.74668520000001;37.5373814;ChIJ-dskp91LtUYR3RHG_D4cHSE;Новартис Консьюмер;0.8;https://www.novartis.ru/;[['', 1, 1321486984]];2616120.0;210676.0;167.0;0.8880226553389972;0.7484257871064468;1802.555555555556;103.0;Новартис Консьюмер Хелс СА;0.009708737864077669;1.0;0.0;0.0;0.8709677419354839;0.0;0.0;0.12903225806451613;0.0;0.0;0.0;0.03225806451612903;0.0;0.0967741935483871;0.0;0.0;0.0;0.0;0.0;0.0;0.0;0.0;0.03225806451612903;0.0;0.6129032258064516;0.0;0.06451612903225806;0.0;0.0;0.0;0.03225806451612903;0.0;0.0;0.0;0.0;0.0967741935483871;0.0;0.03225806451612903;31.0;0.4032362459546926
А.Наттерманн энд Сие. ГмбХ;0.0;;0.0;0.3333333333333333;0.6666666666666666;0.6666666666666666;159.0;0.8;1;3.0;55.773166;37.52703;ChIJ-zHoPnZJtUYR8D_m_FLE-Ec;РЛС;0.15999999999999998;http://www.rlsnet.ru/;[['Проблема с парковкой.', 4, 1485465879], ['Супер!!!', 5, 1492372310], ['Поблизи с кантемироаской', 5, 1454693118], ['I & you', 5, 1457173209], ['', 5, 1502776635]];12672.0;834.0;1330.0;0.9507734893902938;0.7330517011558567;1895.8260010822512;834.0;Яньтай Луинь Фармасьютикал Ко.Лтд;0.001199040767386091;0.7618586640851888;0.23814133591481124;0.0;0.90513068731849;0.0;0.01936108422071636;0.06873184898354308;0.006776379477250726;0.040658276863504365;0.0;0.020329138431752183;0.0;0.16747337850919652;0.19264278799612775;0.0038722168441432717;0.05033881897386254;0.0;0.0009680542110358179;0.0019361084220716359;0.0009680542110358179;0.0;0.06873184898354308;0.058083252662149074;0.08228460793804453;0.0;0.030009680542110364;0.0;0.016456921587608902;0.11713455953533397;0.08809293320425944;0.005808325266214908;0.031945788964181994;0.010648596321393998;0.0019361084220716359;0.023233301064859636;0.0019361084220716359;0.02516940948693127;1033.0;0.32039968025579535
Мосхимфармпрепараты им.Семашко ОАО;-1.0;;0.0;0.8571428571428571;0.14285714285714285;0.0;;0.8285714285714286;4;14.0;55.7378861;37.6552353;ChIJ055xDOdKtUYR-eYTXo8MdQQ;Мосхимфармпрепараты ОАО им. Н.А. Семашко;0.25999999999999995;http://www.mhfp.ru/;"[['Отвратительный завод!!!!таблетки делают способом ""не позволяешь,не поешь""сплошная антисанитария!!!сотрудникам деньги перестали выплачивать 3 месяца назад...рыба тухнет с головы!!!', 1, 1513004917], ['Желаю вашему заводу процветания, благополучия, чтобы не останавливались на одном месте и продолжали развиваться!', 5, 1515441036], ['', 5, 1306196066]]";4683085.0;284714.0;46.0;0.8072916666666666;0.5809727218225419;1679.533333333333;233.0;"Федеральное государственное унитарное предприятие ""Московское производственное химико-фармацевтическое объединение имени Н.А.Семашко"" (ФГУП ""Мосхимфармпрепараты"" им.Н.А.Семашко)";0.017167381974248927;0.0;1.0;0.0;0.8581765557163531;0.0;0.0028943560057887122;0.11577424023154848;0.02315484804630969;0.0014471780028943561;0.0;0.0028943560057887122;0.0;0.03473227206946455;0.03907380607814761;0.0014471780028943561;0.03039073806078148;0.0;0.0;0.0;0.0;0.0;0.03183791606367583;0.0;0.6063675832127352;0.0;0.0;0.0;0.010130246020260492;0.1345875542691751;0.04775687409551375;0.0;0.04775687409551375;0.004341534008683068;0.0;0.008683068017366137;0.0;0.0;691.0;0.3685796035152258
Микроген НПО ФГУП (Аллерген, г.Ставрополь);0.0;;0.0;1.0;0.0;0.0;;1.0;1;1.0;55.73088389999999;37.64435170000001;ChIJ082evx9LtUYRfteuOWQcgD8;"ФГУП ""НПО ""микроген"" МЗ РФ";;http://www.microgen.ru;[];962655.0;100778.0;155.0;0.9411764705882352;0.915966386554622;2072.0138888888887;151.0;Федеральное государственное унитарное предприятие «Научно-производственное объединение по медицинским иммунобиологическим препаратам «Микроген» Министерства здравоохранения и социального развития Российской Федерации (ФГУП «НПО «Микроген» Минздравсоцразвития России);0.006622516556291391;0.0;1.0;0.0;0.6587677725118484;0.0;0.09004739336492891;0.25118483412322273;0.0;0.0;0.0;0.0047393364928909965;0.0;0.0947867298578199;0.16113744075829384;0.02369668246445497;0.009478672985781993;0.0;0.0;0.018957345971563986;0.0;0.0;0.12796208530805686;0.018957345971563986;0.17535545023696686;0.0;0.0;0.0047393364928909965;0.009478672985781993;0.08056872037914692;0.02369668246445497;0.0;0.018957345971563986;0.0047393364928909965;0.0995260663507109;0.07582938388625593;0.0;0.04739336492890995;211.0;0.5022075055187638
ЕСКО Фарма ООО/пр.ЭкоФармПлюс ЗАО;0.0;Проблема в описании. Цветность.;15.0;1.0;0.0;0.0;;1.0;1;1.0;55.7193634;37.6265883;ChIJ1xKKCBZLtUYRGwyX_KhLurQ;ESKO PHARMA;;http://eskopharma.ru/index.php/ru/;[];;;;1.0;0.5;1826.3;12.0;"Общество с ограниченной ответственностью ""ЕСКО Фарма""";0.08333333333333333;;;;;;;;;;;;;;;;;;;;;;;;;;;;;;;;;;;;;;;0.5277777777777778
Северная звезда ЗАО;1.0;;0.0;0.6153846153846154;0.38461538461538464;0.0;;0.8615384615384615;9;13.0;55.604113;37.503353;ChIJ1zmbgUmtSkER_hO3YJ3iw_I;"ООО ""Северная Звезда""";0.14000000000000004;http://north-star.su/;"[['Отличный автосервис. Грамотные мастера,приемлемые цены,качественно выполненные работы. Молодцы!!!', 5, 1521136132], ['Дважды протачивал диски в этом сервисе (одну ось, потом вторую). Остался доволен. Каждый раз присутствовал в рем.зоне, так что успел заметить нормальное отношение к клиентским тачкам. Оборудованы хорошо, мастера работают, по моим наблюдением, без спешки и ""на результат"". \nПожалуй, могу рекомендовать, и уж точно - в части проточки тормозных дисков.', 5, 1507056563], ['Отличный сервис. Особенно хотел бы отметить мастера Сергея. Настоящий специалист в японских авто, действительно любит свою работу и делает все, как себе.', 5, 1511709111], ['Отличный сервис, недорого и почти всё есть. Хороший электрик и жестянщик. Постоянным клиентам скидка', 5, 1512884619], ['Отличный сервис!\nОперативно, качественно, широкий спектр услуг.', 5, 1511448178]]";14838476.0;;39.0;0.9673913043478259;0.7880434782608696;1826.06;127.0;Северная звезда Лтд ЗАО;0.07086614173228346;0.0;1.0;0.0;0.7407407407407407;0.0;0.037037037037037035;0.0;0.2222222222222222;0.0;0.0;0.0;0.0;0.07407407407407407;0.14814814814814814;0.0;0.0;0.0;0.0;0.0;0.0;0.0;0.1851851851851852;0.0;0.1111111111111111;0.0;0.0;0.0;0.14814814814814814;0.0;0.3333333333333333;0.0;0.0;0.0;0.0;0.0;0.0;0.0;27.0;0.35746820109024835
Еврофарм (ЮК) Ко.Лтд/пр.Генесайенс Фармасьютикалс Ко.Лтд;0.0;;0.0;1.0;0.0;0.0;;1.0;2;75.0;55.8081971;37.5829432;ChIJ24N2wh02tUYRVvMlyaYLblI;Еврофарм;0.25999999999999995;http://evropharm.ru/;"[['Провизор не консультирует по форме выпуска препаратов. Нет ""Книги жалоб и предложений"". Элементарно не знает где находятся ближайшие медучереждения.', 1, 1505403249], ['', 5, 1504804937], ['', 5, 1486486242]]";499394.0;34294.0;211.0;1.0;0.7142857142857143;1826.0;8.0;Еврофарм (ЮК) Ко.Лтд;0.25;;;;;;;;;;;;;;;;;;;;;;;;;;;;;;;;;;;;;;;0.5033333333333333
Медокеми Лтд;0.0;;0.0;0.0;1.0;0.0;;0.4;1;1.0;55.748897;37.68291509999999;ChIJ26B5Wb5KtUYRGp76xU7Fhl8;Сентисс Фарма Пвт.Лтд.;;http://sentiss.ru/;[];6203664.0;701213.0;19.0;0.9906129653401796;0.8739650192554558;1803.0388888888888;120.0;Эйсбрайт (Индия) Фарма Пвт. Лтд.;0.008333333333333333;1.0;0.0;0.0;0.9629629629629628;0.0;0.037037037037037035;0.0;0.0;0.0;0.0;0.0;0.0;0.3703703703703704;0.2962962962962963;0.0;0.0;0.0;0.0;0.0;0.0;0.0;0.0;0.037037037037037035;0.037037037037037035;0.0;0.0;0.0;0.037037037037037035;0.1111111111111111;0.1111111111111111;0.0;0.0;0.0;0.0;0.0;0.0;0.0;27.0;0.30277777777777776
К.О.Ромфарм Компани С.р.Л.;0.0;;0.0;1.0;0.0;0.0;;1.0;1;1.0;55.72644329999999;37.3993873;ChIJ30Hy2PtOtUYRwCnaSntJXBw;РОМФАРМА;;http://www.romfarma.ru/;[];;;;1.0;0.3384920634920635;1826.4128205128204;67.0;К.О.Ромфарм Компани С.р.Л.;0.014925373134328358;1.0;0.0;0.0;0.3809523809523809;0.0;0.0;0.6190476190476191;0.0;0.0;0.0;0.047619047619047616;0.0;0.0;0.0;0.0;0.0;0.0;0.0;0.0;0.0;0.0;0.0;0.2857142857142857;0.0;0.0;0.0;0.0;0.0;0.0;0.2857142857142857;0.0;0.0;0.09523809523809523;0.0;0.14285714285714285;0.0;0.14285714285714285;21.0;0.5049751243781094
КРКА, д.д., Ново место;0.0;Упаковка.;4.0;0.0;1.0;0.0;;1.0;1;2.0;55.8405754;37.493771;ChIJ3UaGaNRLtUYRLBn2gksA1Ac;КРКА;0.4;http://fypryst.ru/;[['Подарили бракованные весы фирмы Редмонд на новый год за хорошую работу в качестве презентацию я отнесла их в фирменный сервисный центр где установили производственный брак однако на основании акта мне не не хотят их обменять на новый товар .помогите', 1, 1485355205], ['', 5, 1498335415]];;;;0.8751758181328159;0.5453534468773137;1750.051282051282;542.0;КРКА, д.д., Ново место, Словения;0.0018450184501845018;1.0;0.0;0.0;0.9636363636363636;0.0;0.0;0.03636363636363636;0.0;0.0;0.0;0.0;0.0;0.2363636363636364;0.01818181818181818;0.0;0.0;0.0;0.0;0.0;0.0;0.0;0.054545454545454536;0.0;0.4727272727272727;0.0;0.0;0.0;0.03636363636363636;0.12727272727272726;0.01818181818181818;0.0;0.0;0.0;0.0;0.01818181818181818;0.0;0.01818181818181818;55.0;0.46728167281672817
ГлаксоСмитКляйн Фармасьютикалз С.А.;0.0;;0.0;0.5;0.5;0.0;;1.0;2;2.0;55.7465042;37.5363048;ChIJ3aIdmd1LtUYRF1J66aN6108;ГЛАКСОСМИТКЛЯЙН ХЕЛСКЕР;;http://ru.gsk.com/;[];31917.0;5554.0;5444.0;0.8885780885780886;0.934430610040366;1826.3214285714284;146.0;Нордик Фарма с.р.о.;0.0136986301369863;1.0;0.0;0.0;0.7446808510638298;0.0;0.0;0.2553191489361702;0.0;0.0;0.0;0.0;0.0;0.3617021276595745;0.02127659574468085;0.0;0.0;0.0;0.0;0.0;0.0;0.0;0.1276595744680851;0.0;0.02127659574468085;0.0;0.02127659574468085;0.0;0.06382978723404255;0.02127659574468085;0.10638297872340426;0.0;0.0;0.0;0.02127659574468085;0.0425531914893617;0.10638297872340426;0.0851063829787234;47.0;0.5045662100456622
АстраЗенека АБ;0.0;Маркировка.;4.0;1.0;0.0;0.0;;1.0;2;2.0;55.7013235;37.57731669999999;ChIJ4w5Mw8bU3UMRTRqwLhVueGA;Astra Zeneca;;http://www.astrazeneca.ru/;[];2490264.0;219718.0;171.0;0.9644444444444444;0.7122222222222222;1819.369047619048;140.0;АстраЗенека ЮК Лтд;0.014285714285714285;1.0;0.0;0.3064516129032258;0.25806451612903225;0.016129032258064516;0.0;0.3870967741935484;0.03225806451612903;0.12903225806451613;0.0;0.0;0.0;0.016129032258064516;0.0;0.016129032258064516;0.4354838709677419;0.0;0.0;0.14516129032258066;0.0;0.0;0.03225806451612903;0.0;0.0;0.0;0.0;0.0;0.0;0.03225806451612903;0.03225806451612903;0.0;0.016129032258064516;0.016129032258064516;0.0;0.0;0.016129032258064516;0.2419354838709677;62.0;0.5047619047619047
Эли Лилли энд Компани;0.0;Маркировка.;4.0;1.0;0.0;0.0;;1.0;2;2.0;55.747006000000006;37.53692999999999;ChIJ4xjzpN1LtUYR0ZlLBxiSWAc;Эли Лилли Восток С.А.;;http://www.lilly.com/;[];75979.0;18555.0;2270.0;0.5727272727272728;0.15757575757575756;1826.2428571428568;71.0;Эли Лилли энд Компани Лимитед;0.028169014084507043;1.0;0.0;0.0;0.5;0.0;0.25;0.25;0.0;0.0;0.0;0.0;0.0;0.125;0.0;0.0;0.0;0.0;0.0;0.0;0.0;0.0;0.25;0.0;0.375;0.0;0.0;0.0;0.0;0.0;0.0;0.0;0.0;0.0;0.25;0.0;0.0;0.0;8.0;0.5093896713615024
Берлин-Хеми/Менарини Фарма ГмбХ/пр.Берлин-Хеми АГ;0.0;;0.0;1.0;0.0;0.0;;1.0;1;1.0;55.7470082;37.5368107;ChIJ4xjzpN1LtUYR7rOz674wlMY;Берлин-Хеми/А. Менарини;;http://mezimforte.ru/;[];1972289.0;88619.0;26.0;0.971229293809939;0.6342744729841504;1779.4509803921567;81.0;"Общество с ограниченной ответственностью ""Берлин-Хеми/А. Менарини""";0.012345679012345678;1.0;0.0;0.01694915254237288;0.5423728813559322;0.0;0.00847457627118644;0.4322033898305085;0.0;0.0;0.0;0.01694915254237288;0.0;0.06779661016949153;0.00847457627118644;0.0;0.03389830508474576;0.0;0.0;0.025423728813559324;0.0;0.0;0.01694915254237288;0.0;0.3983050847457627;0.0;0.0;0.0;0.0;0.03389830508474576;0.00847457627118644;0.0;0.03389830508474576;0.0;0.07627118644067797;0.03389830508474576;0.1271186440677966;0.11864406779661014;118.0;0.5041152263374485
АстраЗенека ЮК Лтд/вт уп ЗиО-Здоровье ЗАО;0.0;;0.0;0.5;0.5;0.0;;0.5;2;4.0;55.4107098;37.57964139999999;ChIJ4zYSmhOoSkERS3QWboOmrZg;Зио Здоровье;0.4;http://www.zio-zdorovie.ru/;[['Современное фармацевтическое предпритие.', 5, 1516470905], ['', 2, 1508212131], ['', 2, 1361328665]];3299070.0;403631.0;26.0;0.9285714285714286;0.6882352941176471;1826.333333333333;66.0;ЗиО-Здоровье ЗАО;0.030303030303030304;0.0;1.0;0.0;1.0;0.0;0.0;0.0;0.0;0.0;0.0;0.0;0.0;0.6666666666666666;0.3333333333333333;0.0;0.0;0.0;0.0;0.0;0.0;0.0;0.0;0.0;0.0;0.0;0.0;0.0;0.0;0.0;0.0;0.0;0.0;0.0;0.0;0.0;0.0;0.0;3.0;0.3101010101010101
Бофур Ипсен Фарма/пр.Бофур Ипсен Индастри;0.0;;0.0;0.0;1.0;1.0;385.0;0.4;2;4.0;55.74012800000001;37.6635774;ChIJ5XVxn8JKtUYRczn69jOkjv4;Ипсен Фарма;;https://www.ipsen.ru/%D0%BA%D0%BE%D0%BD%D1%82%D0%B0%D0%BA%D1%82%D1%8B/;[];5243549.0;440270.0;67.0;1.0;0.6458333333333334;1782.4375;56.0;Ипсен Фарма;0.03571428571428571;1.0;0.0;0.0;0.5454545454545454;0.0;0.0;0.4545454545454545;0.0;0.0;0.0;0.030303030303030307;0.0;0.24242424242424246;0.030303030303030307;0.0;0.0;0.0;0.0;0.18181818181818185;0.0;0.0;0.0;0.0;0.0;0.0;0.0;0.0;0.0;0.0;0.12121212121212123;0.0;0.0;0.12121212121212123;0.12121212121212123;0.030303030303030307;0.060606060606060615;0.060606060606060615;33.0;0.3119047619047619
Славянская Аптека ООО;-1.0;;0.0;0.8421052631578947;0.15789473684210525;0.0;;0.968421052631579;2;19.0;55.740291000000006;37.828729;ChIJ5yzpDWHKSkERIxXsUvrW6Fw;Мицар-Н;;http://mitsar-n.ru/;[];6256316.0;321149.0;39.0;1.0;0.4;1826.0;5.0;Славянская аптека ООО;0.4;0.0;1.0;0.0;0.96875;0.0;0.03125;0.0;0.0;0.0;0.0;0.0234375;0.0;0.1484375;0.703125;0.0;0.0078125;0.0;0.0;0.0;0.0;0.0;0.03125;0.0;0.0390625;0.0;0.0078125;0.0;0.0;0.0234375;0.0;0.0;0.0;0.0;0.0;0.015625;0.0;0.0;128.0;0.6228070175438596
Самарамедпром ОАО;-1.0;;0.0;1.0;0.0;0.0;;0.8;3;6.0;55.90070799999999;37.53954100000001;ChIJ65qH_ec5tUYRyqbFA00vVqM;"ООО ""КДК ""Фиора""";;http://www.kdkfiora.com/;[];;;;0.75;0.25;1826.333333333333;4.0;Самарамедпром ОАО;0.75;0.0;1.0;0.0;0.9642857142857144;0.0;0.03571428571428571;0.0;0.0;0.03571428571428571;0.0;0.0;0.0;0.17857142857142858;0.10714285714285714;0.0;0.0;0.0;0.0;0.0;0.0;0.0;0.08035714285714286;0.03571428571428571;0.16071428571428573;0.0;0.03571428571428571;0.0;0.017857142857142856;0.25;0.08928571428571429;0.0;0.008928571428571428;0.03571428571428571;0.0;0.0;0.0;0.0;112.0;0.6833333333333332
Алтайвитамины ЗАО (г.Бийск);0.0;;0.0;0.8;0.2;0.0;;1.0;3;5.0;55.7327784;37.5822849;ChIJ6VPxt6NLtUYR3XgwKqK4w34;Алтайвитамины;;http://www.altayvitamin.ru/;[];2171914.0;188627.0;81.0;0.9433523567956034;0.8114563517226802;1826.125;124.0;Реанал ЗАО;0.024193548387096774;0.0;1.0;0.0;0.7553956834532374;0.0;0.0;0.2446043165467626;0.0;0.0;0.0;0.03597122302158273;0.0;0.34532374100719426;0.14388489208633093;0.0;0.0;0.0;0.0;0.0;0.0;0.0;0.02158273381294964;0.0;0.06474820143884892;0.2446043165467626;0.06474820143884892;0.0;0.0;0.05035971223021583;0.02877697841726619;0.0;0.0;0.0;0.0;0.0;0.0;0.0;139.0;0.5080645161290323
Биосинтез ПАО;-1.0;;0.0;0.8333333333333334;0.16666666666666666;0.3333333333333333;168.0;0.8666666666666666;3;6.0;55.72028299999999;37.77909069999999;ChIJ6xIHYka1SkERc-eFU7L6eQE;Биосинтез;;http://www.biosintez.com/;[];500339.0;63967.0;78.0;0.9826086956521738;0.7751156153474443;1821.926355600884;425.0;"ПАО ""Биосинтез""";0.007058823529411765;0.0;1.0;0.0;0.756838905775076;0.0;0.23556231003039516;0.0075987841945288764;0.0;0.004559270516717325;0.0;0.0060790273556231;0.0;0.09574468085106384;0.06382978723404255;0.001519756838905775;0.004559270516717325;0.0;0.0;0.0;0.0;0.0;0.2674772036474164;0.0075987841945288764;0.44224924012158057;0.016717325227963525;0.00911854103343465;0.0;0.001519756838905775;0.03343465045592705;0.031914893617021274;0.0;0.00911854103343465;0.004559270516717325;0.00303951367781155;0.0;0.0;0.001519756838905775;658.0;0.45790849673202616
Брынцалов-А ПАО;0.0;;0.0;1.0;0.0;0.0;;1.0;3;7.0;55.684214;37.627111600000006;ChIJ7fU_PlizSkERe58hTrE18iE;Брынцалов-а;;http://ferain.ru/;[];3521431.0;365665.0;47.0;0.8464611872146118;0.5567898653857557;1822.8794314796426;237.0;"СОАО ""Ферейн""";0.012658227848101266;0.02127659574468085;0.9787234042553192;0.0;0.8936170212765957;0.0;0.031914893617021274;0.07446808510638298;0.0;0.010638297872340424;0.0;0.010638297872340424;0.0;0.09574468085106384;0.11702127659574467;0.02127659574468085;0.010638297872340424;0.0;0.0;0.0;0.0;0.0;0.13829787234042554;0.05319148936170213;0.3617021276595745;0.0;0.0;0.0;0.010638297872340424;0.07446808510638298;0.0851063829787234;0.0;0.0;0.0;0.0;0.010638297872340424;0.0;0.010638297872340424;94.0;0.5042194092827005
Лекарь ООО;1.0;;0.0;0.3333333333333333;0.6666666666666666;0.3333333333333333;;0.6;1;3.0;55.832322;37.53170000000001;ChIJ9aEgpdA3tUYRNaM14QsR7MY;Аптека ООО Лекарь;0.0;;[['', 5, 1520917863], ['', 5, 1515006369]];;;;1.0;0.0;1826.0;1.0;Лекарь ООО;1.0;0.0;1.0;0.0;1.0;0.0;0.0;0.0;0.0;0.0;0.0;0.0;0.0;0.0;0.0;0.0;0.0;0.0;0.0;0.0;0.0;0.0;0.1111111111111111;0.0;0.1111111111111111;0.0;0.1111111111111111;0.0;0.0;0.4444444444444444;0.2222222222222222;0.0;0.0;0.0;0.0;0.0;0.0;0.0;9.0;0.5333333333333333
Д-р Фальк Фарма ГмбХ/пр.Вифор АГ;0.0;Проблема в описании.;7.0;0.0;1.0;0.0;;1.0;1;1.0;55.78814200000001;37.5893299;ChIJAQAAAGdKtUYRLENRd5MZgUA;Др. Фальк Фарма ГмбХ;;http://www.drfalkpharma.ru/;[];6474658.0;435954.0;39.0;1.0;0.5416666666666667;1827.833333333333;34.0;Др. Фальк Фарма ГмбХ;0.029411764705882353;1.0;0.0;0.0;1.0;0.0;0.0;0.0;0.0;0.5;0.0;0.0;0.0;0.0;0.0;0.0;0.5;0.0;0.0;0.0;0.0;0.0;0.0;0.5;0.0;0.0;0.0;0.0;0.0;0.0;0.0;0.0;0.0;0.0;0.0;0.0;0.0;0.0;2.0;0.5098039215686274
Санофи-Авентис Франс;0.0;;0.0;0.0;1.0;0.0;;0.2;1;1.0;55.7673488;37.60121229999999;ChIJAQDMt-NKtUYRM4Emp4K--ZI;Санофи-авентис;;http://www.sanofi.ru/;[];1660026.0;169075.0;247.0;0.8412285295349812;0.483942535958665;1738.4568452380954;270.0;Санофи-Авентис груп;0.003703703703703704;1.0;0.0;0.0;0.39436619718309857;0.0;0.4694835680751174;0.13615023474178406;0.0;0.004694835680751174;0.0;0.004694835680751174;0.0;0.19718309859154928;0.04225352112676056;0.056338028169014086;0.004694835680751174;0.0;0.0;0.004694835680751174;0.0;0.0;0.4694835680751174;0.018779342723004692;0.009389671361502348;0.0;0.0;0.0;0.0;0.03755868544600939;0.028169014084507043;0.0;0.03755868544600939;0.0;0.004694835680751174;0.023474178403755867;0.004694835680751174;0.056338028169014086;213.0;0.23456790123456786
Лек С+ ООО;0.0;;0.0;1.0;0.0;0.0;;1.0;1;1.0;55.78876289999999;37.7813829;ChIJAYNGsG5MtUYRKIQegK7V9Q4;Лек С+;;http://www.leksplus.ru/;[];;;;0.9565217391304348;0.8467656415694591;1826.203703703704;146.0;"ООО ""Лек С+""";0.00684931506849315;0.0;1.0;0.0;1.0;0.0;0.0;0.0;0.0;0.0;0.0;0.0;0.0;0.0;0.5454545454545454;0.0;0.0;0.0;0.0;0.0;0.0;0.0;0.09090909090909093;0.0;0.09090909090909093;0.0;0.0;0.0;0.0;0.09090909090909093;0.09090909090909093;0.0;0.0;0.0;0.0;0.09090909090909093;0.0;0.0;11.0;0.502283105022831
Б.Браун Мельзунген АГ;0.0;;0.0;0.5;0.5;0.5;23.0;0.6;2;2.0;55.69696399999999;37.62131610000001;ChIJAyCa5VBLtUYRv8m3Jetvf-4;Б.браун Медикал;;http://www.bbraun.ru/;[];1217912.0;132897.0;126.0;1.0;0.8896103896103896;1826.235294117647;80.0;Б.Браун Мельзунген АГ;0.025;1.0;0.0;0.0;0.9885057471264368;0.0;0.011494252873563218;0.0;0.0;0.0;0.0;0.0;0.0;0.011494252873563218;0.0;0.0;0.0;0.0;0.0;0.0;0.0;0.0;0.02298850574712644;0.0;0.9310344827586208;0.0;0.0;0.0;0.0;0.0;0.02298850574712644;0.0;0.0;0.011494252873563218;0.0;0.0;0.0;0.0;87.0;0.375
Бакстер АГ;-1.0;;0.0;1.0;0.0;0.0;;1.0;1;3.0;55.77130500000001;37.53832200000001;ChIJB4F09IJJtUYRGlmJbvZ62vE;Baxter AG;;http://www.baxter.com/;[];146106.0;44206.0;1404.0;0.96875;0.875;1826.0;32.0;Бакстер АГ;0.03125;1.0;0.0;0.0;0.625;0.025;0.35;0.0;0.0;0.0;0.0;0.0;0.0;0.0;0.025;0.0;0.0;0.0;0.0;0.0;0.0;0.0;0.85;0.0;0.0;0.0;0.0;0.0;0.05;0.025;0.05;0.0;0.0;0.0;0.0;0.0;0.0;0.0;40.0;0.5104166666666666
Московский эндокринный завод ФГУП;0.0;;0.0;0.0;1.0;1.0;38.0;0.3;2;2.0;55.7264168;37.7174996;ChIJBW-HVze1SkERmWo9580bjhU;Московский эндокринный завод;0.0;http://endopharm.ru/;[['???', 5, 1475556130], ['', 5, 1458725125], ['', 5, 1453373197], ['', 5, 1445270151], ['', 5, 1327060348]];4436069.0;385726.0;61.0;1.0;0.8298914516019781;1682.2357142857145;229.0;"Федеральное государственное унитарное предприятие ""Московский эндокринный завод""";0.008733624454148471;0.05263157894736842;0.9473684210526316;0.0;0.9298245614035088;0.0;0.07017543859649122;0.0;0.0;0.0;0.0;0.0;0.0;0.0;0.0;0.0;0.0;0.0;0.0;0.0;0.0;0.0;0.07017543859649122;0.0;0.3157894736842105;0.0;0.0;0.0;0.0;0.03508771929824561;0.3333333333333333;0.0;0.017543859649122806;0.2280701754385965;0.0;0.0;0.0;0.0;57.0;0.10291120815138283
Канонфарма Продакшн ЗАО;0.0;;0.0;0.25;0.75;0.0;;0.4;1;4.0;55.9302625;38.0432279;ChIJC9qlt9MstUYRmvj5LMf-JFY;Канонфарма продакшн;0.8;http://www.canonpharma.ru/;[['Тут производство автобусы не ходят', 1, 1520681933]];2074264.0;152174.0;70.0;1.0;0.7918250659406109;1799.3062419062421;282.0;Фармацевтическая компания Цисин;0.0035460992907801418;0.0;1.0;0.0;0.9230769230769232;0.0;0.07692307692307693;0.0;0.0;0.038461538461538464;0.0;0.07692307692307693;0.0;0.038461538461538464;0.0;0.0;0.038461538461538464;0.0;0.0;0.0;0.0;0.0;0.15384615384615385;0.0;0.07692307692307693;0.0;0.0;0.0;0.038461538461538464;0.1153846153846154;0.38461538461538464;0.0;0.07692307692307693;0.0;0.0;0.0;0.0;0.0;26.0;0.40118203309692674
АЛСИ Фарма ЗАО;0.0;;0.0;0.0;1.0;0.0;;1.0;1;1.0;55.788112;37.618233;ChIJF-Pu0AhKtUYRMRDoV0f0WPI;Алси фарма;0.4;http://www.alsi.ru/;[['Хорошо бы таблетки делать продолговатыми-тяжело глотать.', 3, 1410376834]];6912754.0;565469.0;24.0;1.0;0.5166666666666666;1826.4545454545453;45.0;"Закрытое акционерное общество ""АЛСИ Фарма""";0.022222222222222223;0.0;1.0;0.0;1.0;0.0;0.0;0.0;0.0;0.0;0.0;0.012048192771084338;0.0;0.0;0.0;0.0;0.0;0.0;0.0;0.0;0.0;0.0;0.8313253012048193;0.0;0.012048192771084338;0.0;0.0;0.0;0.0;0.012048192771084338;0.12048192771084335;0.0;0.012048192771084338;0.0;0.0;0.0;0.0;0.0;83.0;0.47407407407407404
Фармзащита НПЦ ФГУП(г.Химки);1.0;Маркировка.;4.0;1.0;0.0;0.0;;1.0;1;2.0;55.922027;37.4061369;ChIJFfC6-Ck5tUYR8_cDq_aEqeI;"ФГУП НПЦ ""Фармзащита"" ФМБА России";0.0;http://atompharm.ru/;"[[""Komme's workplace"", 5, 1508671711]]";5639371.0;384263.0;46.0;1.0;0.697278911564626;1826.04;91.0;"Федеральное государственное унитарное предприятие Научно-производственный центр ""Фармзащита"" Федерального медико-биологического агентства (ФГУП НПЦ ""Фармзащита"" ФМБА России)";0.01098901098901099;0.0;1.0;0.0;1.0;0.0;0.0;0.0;0.0;0.0;0.0;0.0;0.0;0.14285714285714285;0.0;0.0;0.0;0.0;0.0;0.0;0.0;0.0;0.2857142857142857;0.0;0.0;0.0;0.0;0.0;0.0;0.14285714285714285;0.42857142857142855;0.0;0.0;0.0;0.0;0.0;0.0;0.0;7.0;0.33699633699633696
Лаборатории Галдерма;0.0;;0.0;0.0;1.0;0.0;;0.8;2;3.0;55.70989400000001;37.656322;ChIJGTxC5wxLtUYRe5GfEKUONRk;Медсервис Диагностика;;http://www.medd.ru/;[];16773609.0;;9.0;0.9;0.7;1826.0;10.0;Лаборатории Галдерма;0.2;1.0;0.0;0.0;0.9333333333333332;0.0;0.06666666666666668;0.0;0.0;0.0;0.0;0.06666666666666668;0.0;0.0;0.0;0.0;0.0;0.0;0.0;0.0;0.0;0.0;0.26666666666666666;0.26666666666666666;0.0;0.0;0.0;0.0;0.13333333333333333;0.0;0.06666666666666668;0.0;0.0;0.2;0.0;0.0;0.0;0.0;15.0;0.5
Самарская областная станция переливания крови;0.0;;0.0;1.0;0.0;0.0;;0.4;2;4.0;55.761979;37.799353;ChIJHTRqI8LKSkERuw4Luplp0K0;Московская областная станция переливания крови;0.1;http://mospk.life/;[['Несколько раз посещала эту станцию переливания крови. Хочется поблагодарить и выразить уважение этому замечательному коллективу! Всех!\nНачиная от работников гардероба до заведующей! Особенно мед персонал при заборе крови. Очень квалифицировано, внимательно ко всем пациетам, аккуратно работают. Спасибо большое Вам! В регистратуре вежливо и обходительно встречают, что очень приятно! Хочется приходить к ним снова и снова! СПАСИБО БОЛЬШОЕ ВАМ ЗА ЧУТКОЕ ВНИМАНИЕ К ДОНАРАМ!', 5, 1510322474], ['Сдаю кровь(плазму ,ежели быть точным) тут уже лет пять или семь , все отлично, персонал доброжелательный, единственное в помещении ожидания и непосредственно где сдаете кровь стоят телевизоры ... вай фая нет, гардероб есть, парковка условная... в общем и целом , все хорошо.', 4, 1511167806], ['Приятное место. Персонал отзывчивый. Очереди по сравнению с другими СПК не такие уж и большие, а если придти чуть раньше открытия, то вообще быстро пролетишь. Комфортные кресла.', 5, 1504265234], ['Впечатление двоякое: с одной стороны персонал не самый дружелюбный, нет парковочных мест, ремонт давно не проводился (в такой обстановке сдавать кровь далеко не всем комфортно), но с другой стороны меня здесь врач в первый раз при осмотре не допустила к сдаче крови, потому что заметила шумы в сердце, что помогло вовремя купировать заболевание.', 4, 1512664591], ['Очень внимательно смотрят, тащите все справки какие можете. Давали отводы за косой взгляд.', 4, 1518427692]];7805638.0;653121.0;2.0;0.9772727272727272;0.7662337662337663;1796.7142857142858;49.0;государственное  учреждение  здравоохранения «Свердловская областная станция переливания крови»;0.04081632653061224;0.0;1.0;0.0;0.42857142857142855;0.0;0.5714285714285714;0.0;0.0;0.0;0.0;0.14285714285714285;0.0;0.0;0.14285714285714285;0.0;0.0;0.0;0.0;0.0;0.0;0.0;0.2857142857142857;0.0;0.0;0.0;0.0;0.0;0.0;0.0;0.2857142857142857;0.0;0.14285714285714285;0.0;0.0;0.0;0.0;0.0;14.0;0.18027210884353742
Деко Компания ООО;1.0;;0.0;0.3333333333333333;0.6666666666666666;1.0;66.0;0.26666666666666666;1;3.0;55.8605289;37.6548278;ChIJI3pnC8A2tUYRELgrYngPJCg;КОМПАНИЯ ДЕКО;0.0;http://www.dekopharm.ru/;[['', 5, 1329807197]];6514051.0;516224.0;142.0;0.923076923076923;0.4858160358160359;1826.459090909091;72.0;"Общество с ограниченной ответственностью ""Компания ""Деко""";0.013888888888888888;0.0;1.0;0.0;0.6;0.0;0.15;0.25;0.0;0.0;0.0;0.0;0.0;0.025;0.275;0.0;0.05;0.0;0.0;0.0;0.0;0.0;0.075;0.0;0.075;0.0;0.0;0.0;0.025;0.05;0.175;0.0;0.025;0.075;0.15;0.0;0.0;0.0;40.0;0.09351851851851851
Березовский фармзавод ЗАО;0.0;;0.0;0.0;1.0;1.0;118.0;0.2;1;41.0;55.72749399999999;37.44964909999999;ChIJI4yfn75OtUYRGG4VQOaQWXs;"Фармацевтический завод ""Эгис""";;http://www.egis.ru/;[];1986720.0;177357.0;88.0;0.9898346435348332;0.8645673760877194;1812.2535014005607;260.0;Эгис Фармацевтический завод ОАО [Будапешт, Керестури];0.0038461538461538464;1.0;0.0;0.0;0.25;0.0;0.2916666666666667;0.4583333333333333;0.0;0.02083333333333333;0.0;0.02083333333333333;0.0;0.04166666666666666;0.02083333333333333;0.0;0.02083333333333333;0.0;0.0;0.0;0.0;0.0;0.3541666666666667;0.0;0.02083333333333333;0.0;0.0;0.0;0.0;0.04166666666666666;0.04166666666666666;0.0;0.0;0.0;0.0;0.22916666666666666;0.04166666666666666;0.16666666666666666;48.0;0.2346153846153846
Партнер АО;0.0;;0.0;0.0;1.0;0.0;;0.2;1;2.0;55.65365210000001;37.5946381;ChIJITU6Ti-zSkEREcJQfX75OXU;ПАРТНЕР;;http://www.partner.com.ru/;[];11255045.0;;34.0;1.0;0.5277777777777778;1826.305555555556;30.0;Партнер ЗАО;0.03333333333333333;0.0;1.0;0.0;1.0;0.0;0.0;0.0;0.0;0.0;0.0;0.0;0.0;0.0;0.0;0.0;0.0;0.0;0.0;0.0;0.0;0.0;0.5;0.0;0.0;0.0;0.0;0.0;0.0;0.0;0.5;0.0;0.0;0.0;0.0;0.0;0.0;0.0;2.0;0.24444444444444444
ЭкоФармИнвест ООО/пр.Фермент Фирма ООО;0.0;Проблема в описании.;7.0;0.0;1.0;0.0;;1.0;1;1.0;55.7130613;37.688721;ChIJIxJ6_9a0SkER5Oehq-81Kg8;Экофарминвест;0.0;http://www.ephi.ru/;[['', 5, 1493049098]];;;;1.0;1.0;;13.0;"ООО ""ЭкоФармИнвест""";0.07692307692307693;;;;;;;;;;;;;;;;;;;;;;;;;;;;;;;;;;;;;;;0.358974358974359
НИИ им.Чумакова РАМН;0.0;;0.0;0.0;1.0;0.0;;0.2;1;1.0;55.60247170000001;37.3358751;ChIJIzMveudTtUYRVc59aRu00Rk;Научный центр исследований и разработки иммунобиологических препаратов имени М.П. Чумакова;0.1;http://www.chumakovs.ru/;[['Крутой', 5, 1518856570], ['Тут самая интересная работа в моей жизни.', 5, 1507785380], ['Не удобно добираться своим пешком из Града Московского', 5, 1514071020], ['Беда с туалетом,их там нет((((', 3, 1512736033], ['Я здесь живу, и нам здесь хорошо.', 5, 1502683647]];9142173.0;;23.0;1.0;0.6228571428571429;1826.0;17.0;Федеральное государственное унитарное предприятие «Предприятие по производству бактерийных и вирусных препаратов Института полиомиелита и вирусных энцефалитов им. М.П. Чумакова РАМН (ФГУП «ПИПВЭ им. М.П. Чумакова ФГУП РАМН»);0.058823529411764705;0.0;1.0;0.0;0.3333333333333333;0.0;0.0;0.6666666666666666;0.0;0.0;0.0;0.0;0.0;0.0;0.0;0.0;0.0;0.0;0.0;0.3333333333333333;0.0;0.0;0.0;0.0;0.3333333333333333;0.0;0.0;0.0;0.0;0.0;0.0;0.0;0.3333333333333333;0.0;0.0;0.0;0.0;0.0;3.0;0.11960784313725492
Авексима ОАО/пр.Ирбитский ХФЗ ОАО;0.0;;0.0;1.0;0.0;0.0;;1.0;1;1.0;55.78364000000001;37.5600171;ChIJJ6kwNYxJtUYRzA_kvmsKLi0;ОАО «Авексима»;;http://avexima.ru/;[];3687492.0;286544.0;29.0;0.990909090909091;0.9411764705882352;1848.958333333333;285.0;"Открытое акционерное общество ""Авексима"" (ОАО ""Авексима"")";0.0035087719298245615;0.0;1.0;0.0;1.0;0.0;0.0;0.0;0.0;0.008064516129032258;0.0;0.024193548387096774;0.0;0.04032258064516129;0.27419354838709675;0.0;0.024193548387096774;0.0;0.0;0.0;0.0;0.0;0.12096774193548387;0.0;0.08064516129032258;0.0;0.0;0.0;0.0;0.2258064516129032;0.20967741935483872;0.0;0.0;0.0;0.0;0.0;0.0;0.0;124.0;0.5011695906432748
Гиппократ ООО;-1.0;;0.0;0.5833333333333334;0.4166666666666667;0.3333333333333333;78.0;0.9;5;12.0;55.78129200000001;37.5767299;ChIJJ8OtDSBKtUYR1vvor6hLTaE;"""Гиппократ""";;;[];;;;0.9375;0.8843085106382979;1461.2;63.0;"ООО ""Гиппократ""";0.07936507936507936;0.0;1.0;0.0;0.7621951219512195;0.024390243902439025;0.0;0.21341463414634146;0.0;0.11585365853658534;0.0;0.03658536585365853;0.0;0.24390243902439024;0.11585365853658534;0.0;0.15853658536585366;0.0;0.0;0.0;0.0;0.0;0.06707317073170732;0.0;0.018292682926829267;0.0;0.0;0.0;0.04878048780487805;0.06707317073170732;0.04878048780487805;0.0;0.006097560975609756;0.0;0.012195121951219513;0.03048780487804878;0.0;0.14634146341463414;164.0;0.49312169312169307
Мерц Фарма ГмбХ и Ко.КГаА;0.0;;0.0;1.0;0.0;0.0;;1.0;1;1.0;55.78200699999999;37.582325;ChIJJS3Lnh9KtUYRbkYHY9LYO1M;Мерц Фарма;;http://www.merz.ru/;[];1258264.0;125109.0;134.0;1.0;0.7740384615384616;1826.5;21.0;"ООО ""Мерц Фарма""";0.047619047619047616;1.0;0.0;0.0;0.9117647058823528;0.0;0.08823529411764706;0.0;0.0;0.14705882352941174;0.0;0.0;0.0;0.2352941176470588;0.0;0.0;0.0;0.0;0.0;0.0;0.0;0.0;0.29411764705882354;0.14705882352941174;0.0;0.0;0.14705882352941174;0.0;0.0;0.0;0.17647058823529413;0.0;0.0;0.0;0.0;0.0;0.0;0.0;34.0;0.5158730158730159
Домпе Фармачеутичи С.п.А;0.0;;0.0;1.0;0.0;0.0;;1.0;1;7.0;55.7180358;37.66790820000001;ChIJN2Q4iytLtUYRLm6Rf4FVeMk;Столица-Медикл;0.0;http://old.smed.ru/;[['', 5, 1456161262]];187451.0;17513.0;447.0;1.0;1.0;;25.0;Миракл Фарма Груп Лтд;0.04;1.0;0.0;0.0;1.0;0.0;0.0;0.0;0.0;0.0;0.0;0.0;0.0;0.0;0.0;0.0;0.0;0.0;0.0;0.0;0.0;0.0;0.0;0.0;0.4444444444444444;0.0;0.0;0.0;0.0;0.4444444444444444;0.1111111111111111;0.0;0.0;0.0;0.0;0.0;0.0;0.0;18.0;0.3466666666666667
Джодас Экспоим ООО/пр.Джодас Экспоим Пвт.Лтд;0.0;;0.0;0.0;1.0;0.0;;0.2;1;2.0;55.652392000000006;37.723875;ChIJN5oxUnW0SkERWYpJ7qGYp-w;Джодас Экспоим;;http://www.jodas.ru/;[];4058712.0;264539.0;7.0;0.8333333333333334;0.4804161566707467;1710.0024038461538;88.0;"Общество с ограниченной ответственностью ""Джодас Экспоим""";0.011363636363636364;0.9666666666666668;0.03333333333333333;0.0;0.9444444444444444;0.0;0.05555555555555555;0.0;0.0;0.04444444444444445;0.0;0.0;0.0;0.011111111111111113;0.022222222222222227;0.0;0.0;0.0;0.0;0.0;0.0;0.0;0.3111111111111111;0.0;0.011111111111111113;0.0;0.0;0.0;0.04444444444444445;0.05555555555555555;0.4888888888888889;0.0;0.0;0.05555555555555555;0.0;0.0;0.0;0.0;90.0;0.2371212121212121
Вифитех ЗАО;-1.0;;0.0;0.8181818181818182;0.18181818181818182;0.0;;0.9757575757575758;4;33.0;55.54576289999999;37.5545701;ChIJN5t4CjesSkERQ1DK79U7f40;Вифитех;0.0;http://vifiteh.ru/;[['', 5, 1508799855]];4311185.0;587610.0;15.0;0.8855721393034827;0.6821856625961104;1826.2373015873013;217.0;"Закрытое акционерное общество ""ВИФИТЕХ"" (ЗАО ""ВИФИТЕХ"")";0.018433179723502304;0.0;1.0;0.0;0.8972162740899358;0.0;0.08993576017130621;0.01284796573875803;0.0;0.004282655246252678;0.0;0.002141327623126339;0.0;0.43897216274089934;0.05139186295503212;0.0;0.006423982869379015;0.01284796573875803;0.0;0.0;0.0;0.0;0.12633832976445394;0.004282655246252678;0.059957173447537475;0.0;0.11991434689507495;0.0;0.010706638115631693;0.07708779443254818;0.0835117773019272;0.0;0.002141327623126339;0.004282655246252678;0.0;0.0;0.0;0.0;467.0;0.33139691849369274
Вектор-Медика ЗАО  (Новосибирск.обл);0.0;;0.0;1.0;0.0;0.0;;1.0;1;2.0;55.63951899999999;37.525041;ChIJO2VluUhNtUYRJ3MX1U_JXsI;Вектор-Медика;;http://lipint.ru;[];16332107.0;1164341.0;15.0;1.0;0.7045454545454546;1826.625;32.0;"Закрытое акционерное общество ""Вектор-Медика"" (ЗАО ""Вектор-Медика"")";0.03125;0.0;1.0;0.0;0.8;0.0;0.2;0.0;0.0;0.0;0.0;0.0;0.0;0.4;0.1;0.0;0.0;0.0;0.0;0.0;0.0;0.0;0.3;0.0;0.0;0.0;0.0;0.0;0.0;0.1;0.1;0.0;0.0;0.0;0.0;0.0;0.0;0.0;10.0;0.5104166666666666
АстраЗенека АБ/уп.АстраЗенека Индастриз ООО;0.0;;0.0;1.0;0.0;0.0;;0.4;3;3.0;55.776121;37.553687;ChIJOSu734VJtUYRhdkOc2ECKrw;Астразенека;0.15999999999999998;http://www.astrazeneca.ru/;"[['Отличный офис ""AstraZeneca"" - БЦ ""Nordstar Tower""', 5, 1497875672], ['Company AstraZeneca not yet participated at the Conference Pharmacosmos in Moscow 2016-2017 ?', 5, 1473421995], ['', 1, 1513609139], ['', 5, 1507020666], ['', 5, 1493729121]]";2490264.0;219718.0;171.0;0.9897959183673468;0.8673469387755102;1826.2307692307693;50.0;АстраЗенека ЮК Лимитед;0.06;1.0;0.0;0.5106382978723404;0.06382978723404255;0.0;0.0425531914893617;0.2978723404255319;0.0851063829787234;0.0;0.0;0.0;0.0;0.0;0.0;0.0;0.6170212765957447;0.0;0.0;0.14893617021276595;0.0;0.0;0.0;0.0;0.0;0.0;0.0;0.0;0.0;0.0;0.10638297872340426;0.0;0.0;0.0425531914893617;0.0;0.0425531914893617;0.0;0.0425531914893617;47.0;0.2066666666666667
Эльфа НПЦ АО/пр.Эльфа Лабораториз;1.0;;0.0;0.5;0.5;0.0;;1.0;2;16.0;55.7148983;37.6963579;ChIJPwXWEyi1SkERq8Hod9dusM4;ЭЛЬФА, научно-производственный центр;;https://elfa.ru/o-kompanii/;[];7278901.0;773271.0;10.0;0.9;0.40595238095238106;1826.446666666667;52.0;Эльфа НПЦ ЗАО;0.038461538461538464;;;;;;;;;;;;;;;;;;;;;;;;;;;;;;;;;;;;;;;0.5128205128205129
Ипка Лабораториз Лимитед;0.0;Маркировка.;4.0;1.0;0.0;0.0;;1.0;1;1.0;55.659759;37.50846799999999;ChIJPzmvuxFNtUYRwUxtOrG8CWU;ИПКА Лабораториз Лимитед, представительсто в г. Москве;;;[];;;;0.9718832891246684;0.7387267904509285;1826.4;96.0;Представительство Ипка Лабораториз Лимитед;0.010416666666666666;1.0;0.0;0.0;1.0;0.0;0.0;0.0;0.0;0.01818181818181818;0.0;0.01818181818181818;0.0;0.509090909090909;0.34545454545454546;0.0;0.01818181818181818;0.0;0.0;0.0;0.0;0.0;0.0;0.0;0.0;0.0;0.0;0.0;0.0;0.0;0.10909090909090907;0.0;0.0;0.0;0.0;0.0;0.0;0.0;55.0;0.5034722222222222
Биохимик ПАО;0.0;Упаковка.;4.0;1.0;0.0;0.0;;1.0;1;2.0;55.77651660000001;37.6306509;ChIJQ0xuCHJKtUYR0JugUbCORF0;Промомед;;http://promo-med.ru/;[];9938904.0;;33.0;1.0;0.8645622677383112;1826.242424242424;224.0;"Общество с ограниченной ответственностью ""Промомед Холдингс (Сайпрус) Лимитед""";0.004464285714285714;;;;;;;;;;;;;;;;;;;;;;;;;;;;;;;;;;;;;;;0.5014880952380952
Оболенское ФП АО;0.0;;0.0;0.24675324675324675;0.7532467532467533;0.19480519480519481;5.0;0.3974025974025974;3;77.0;55.719404;37.611614;ChIJQ4S7OhE1tUYRsayopXzdjU4;Оболенское, фармацевтическая компания;;http://obolensk.ru/;[];1686189.0;155537.0;54.0;0.960968034617532;0.6458510151089897;1811.9074879739674;335.0;Оболенское - фармацевтическое предприятие ЗАО;0.008955223880597015;0.0;1.0;0.0;0.1907514450867052;0.0;0.13872832369942195;0.0;0.6705202312138728;0.0;0.0;0.0;0.0;0.0;0.0;0.0;0.0;0.0;0.0;0.0;0.0;0.0;0.1213872832369942;0.02890173410404624;0.04046242774566474;0.0;0.0;0.0;0.0;0.011560693641618495;0.791907514450867;0.0;0.005780346820809247;0.0;0.0;0.0;0.0;0.0;173.0;0.3021192737610648
Пранафарм ООО;1.0;;0.0;0.42857142857142855;0.5714285714285714;0.0;;0.8;6;7.0;55.9149141;37.8207083;ChIJQYUyxRoytUYRqAFjjZsf-5E;Аптека 385;0.1;http://www.apteka385.ru/;[['Хорошая аптека, очень внимательные фармацевты. Дают очень хорошую консультацию даже по телефону.', 5, 1514549924], ['Отличные цены, квалифицированные фармацевты.', 5, 1487532460], ['Разумные цены', 4, 1479725474], ['', 4, 1512810168]];;;;0.6041666666666666;0.4861111111111111;1723.0;26.0;Ципла Лимитед;0.23076923076923078;0.2307692307692308;0.7692307692307693;0.0;1.0;0.0;0.0;0.0;0.0;0.038461538461538464;0.0;0.0;0.0;0.038461538461538464;0.038461538461538464;0.0;0.038461538461538464;0.0;0.0;0.0;0.0;0.0;0.2307692307692308;0.038461538461538464;0.038461538461538464;0.0;0.0;0.0;0.1153846153846154;0.15384615384615385;0.3076923076923077;0.0;0.0;0.0;0.0;0.0;0.0;0.0;26.0;0.3769230769230769
Роттафарм С.п.А.;0.0;;0.0;0.0;1.0;0.0;;0.4;1;1.0;55.63680609999999;37.5100389;ChIJQf5hJFtNtUYRRRt5ETR73jo;ROTTA PHARMA, фармацевтическая компания;;http://www.dona.rotta.ru/;[];;;;1.0;0.8333333333333333;1826.0;8.0;Роттафарм С.п.А.;0.125;1.0;0.0;0.0;1.0;0.0;0.0;0.0;0.0;0.0;0.0;0.0;0.0;0.0;0.0;0.0;0.0;0.0;0.0;0.0;0.0;0.0;1.0;0.0;0.0;0.0;0.0;0.0;0.0;0.0;0.0;0.0;0.0;0.0;0.0;0.0;0.0;0.0;14.0;0.3416666666666666
Кадила Фармасьютикалз Лимитед;0.0;;0.0;0.0;1.0;0.0;;1.0;1;1.0;55.770618000000006;37.653619;ChIJRyy2-nxKtUYRr2meqfHJvpw;Видаль Рус;;http://www.vidal.ru/;[];117529.0;10337.0;781.0;0.9337204968944098;0.6058993035949557;1826.2419913419915;173.0;Эргофарм ООО;0.005780346820809248;0.8888888888888888;0.1111111111111111;0.0;0.9814814814814816;0.0;0.018518518518518517;0.0;0.0;0.0;0.0;0.0;0.0;0.2037037037037037;0.5370370370370371;0.0;0.0;0.0;0.0;0.0;0.018518518518518517;0.0;0.037037037037037035;0.018518518518518517;0.05555555555555555;0.0;0.0;0.0;0.018518518518518517;0.05555555555555555;0.05555555555555555;0.0;0.0;0.0;0.0;0.0;0.0;0.0;54.0;0.5019267822736031
Юник Фармасьютикал Лабораториз;0.0;;0.0;0.0;1.0;1.0;275.0;0.2;1;2.0;55.76067629999999;37.5852266;ChIJSRbiKDRKtUYRRtY1V-KXgmg;Юник Фармасьютикал Лабораториз;;http://www.jbcpl.ru/;[];11021216.0;;11.0;1.0;0.6022727272727273;1826.25;48.0;Юник Фармасьютикал Лабораториз (Отделение фирмы Дж.Б.Кемикалс энд Фармасьютикалс Лтд);0.020833333333333332;1.0;0.0;0.0;0.9090909090909092;0.0;0.0;0.09090909090909093;0.0;0.0;0.0;0.0;0.0;0.0;0.9090909090909092;0.0;0.09090909090909093;0.0;0.0;0.0;0.0;0.0;0.0;0.0;0.0;0.0;0.0;0.0;0.0;0.0;0.0;0.0;0.0;0.0;0.0;0.0;0.0;0.0;11.0;0.24027777777777778
Эллара МЦ ООО;-1.0;;0.0;0.5;0.5;0.0;;1.0;1;2.0;55.763673;37.567951;ChIJSXH0pC1KtUYR2rrLQr9T7jo;"МЦ ""Эллара""";;http://www.ellara.ru/;[];11878217.0;951270.0;10.0;1.0;0.7459557985873776;1612.307671957672;109.0;Эллара МЦ ООО;0.009174311926605505;0.0;1.0;0.0;0.9726027397260274;0.0;0.0;0.0273972602739726;0.0;0.0136986301369863;0.0;0.00684931506849315;0.0;0.02054794520547945;0.2328767123287671;0.14383561643835616;0.0136986301369863;0.0;0.0;0.0;0.0;0.0;0.04794520547945205;0.00684931506849315;0.2328767123287671;0.0;0.0;0.0;0.00684931506849315;0.1780821917808219;0.06164383561643835;0.0;0.02054794520547945;0.0;0.0;0.0136986301369863;0.0;0.0136986301369863;146.0;0.5030581039755352
Такеда Австрия ГмбХ;0.0;;0.0;0.5;0.5;1.0;183.0;0.3;1;2.0;55.730911;37.5766429;ChIJSefogZhLtUYRt0-leiY5nVo;"ООО ""Такеда Фармасьютикалс""";0.019999999999999928;http://www.takeda.com.ru/;[['Компактный современный бизнес центр со всеми атрибутами', 4, 1513776159], ['Я тут работаю и всем советую) ', 5, 1480453030], ['', 5, 1514494818], ['', 5, 1510307570], ['', 5, 1492264918]];4973307.0;;241.0;0.9775978407557354;0.7400449842555106;1802.5867063492065;130.0;Такеда Фармасьютикал Компани Лимитед;0.007692307692307693;0.9991816693944352;0.0008183306055646483;0.0;0.5008183306055647;0.0;0.4959083469721768;0.0024549918166939444;0.0;0.0008183306055646483;0.0;0.0;0.0;0.0;0.0016366612111292965;0.0;0.0;0.0016366612111292965;0.0;0.0;0.0;0.0;0.9509001636661212;0.0;0.0;0.0;0.0;0.0;0.0;0.003273322422258593;0.03764320785597381;0.0;0.0008183306055646483;0.003273322422258593;0.0;0.0;0.0;0.0008183306055646483;1222.0;0.1092307692307692
Лек д.д.;-1.0;;0.0;1.0;0.0;0.0;;1.0;1;4.0;55.67757;37.666178;ChIJT6OYP5-0SkERYlHyYw8YBHM;Здоров.ру;0.1;http://www.zdorov.ru/;[['Очень медленные продавцы, нужно заказывать через интернет, чтобы не ждать по 20 минут.\nЕсли делаете интернет-заказ, то проходите в приоритете к остальным, кто его не делал. \nК интернет-заказу нельзя добавлять новые лекарства, но можно сразу их докупить, не беря новый толончик.', 3, 1514215100], ['Недорогая аптека. Удобный сайт, на котором можно все заказать и зайти забрать. Все чисто, аккуратно. ', 5, 1494193474], ['если делать заранее интернет-заказ, то его можно забрать быстро и со скидкой. если надо уточнить наличие, лучше делать это по телефону - в аптеке можно потерять полчаса в обычной очереди', 5, 1490076105], ['Аптека - супермаркет. Хорошие цены, есть возможность сделать заказ через интернет, быстрое обслуживание(~6 касс).  ', 5, 1495355977], ['Цены в аптеке хорошие дешевле чем во многих аптеках, а если заказывать через сайт получается еще дешевле. Также при получение интернет заказа очередь приоритетная, приходишь в аптеку указываешь номер заказа и получаешь заказ быстрее. ', 5, 1478205118]];109421.0;5420.0;79.0;0.9482758620689656;0.9051724137931034;1826.090909090909;116.0;Лек д.д.;0.008620689655172414;1.0;0.0;0.0;0.4931506849315068;0.0;0.1780821917808219;0.3287671232876712;0.0;0.0;0.0;0.0;0.0;0.0684931506849315;0.0;0.0;0.0;0.0;0.0;0.0;0.0;0.0;0.3013698630136986;0.0684931506849315;0.0;0.0;0.0;0.0;0.0;0.0136986301369863;0.3287671232876712;0.0;0.0136986301369863;0.1095890410958904;0.0410958904109589;0.0410958904109589;0.0;0.0136986301369863;73.0;0.36954022988505747
Эбботт Лэбораториз ГмбХ;0.0;;0.0;0.3333333333333333;0.6666666666666666;0.6666666666666666;76.0;0.8;1;3.0;55.82137299999999;37.4977183;ChIJT7_H2zxItUYR1N1ini-eKuY;Эбботт Лэбораториз;0.0;http://www.abbott-russia.ru/;[['Офис основных подразделений компании.', 5, 1470731188], ['', 5, 1489264283], ['', 5, 1460583660], ['', 5, 1508746627]];2011150.0;173541.0;695.0;0.9451966473243067;0.806307441402261;1683.36875;145.0;Эбботт Хелскеа САС;0.006896551724137931;1.0;0.0;0.0;0.5625;0.0;0.0;0.3125;0.125;0.0;0.0;0.0;0.0;0.0625;0.0;0.0;0.25;0.0;0.0;0.0;0.0;0.0;0.1875;0.0;0.0;0.0;0.0;0.0;0.0;0.0;0.375;0.0;0.0;0.125;0.0;0.0;0.0;0.0;16.0;0.26896551724137935
Бакстер;0.0;;0.0;1.0;0.0;0.0;;0.4;1;1.0;55.823191;37.49671610000001;ChIJT7_H2zxItUYRdRNdSWE6NK4;БАКСТЕР;;http://www.baxter.com.ru/;[];4459590.0;;37.0;1.0;0.6657407407407407;1826.2;47.0;Бакстер Хелскэа Корпорейшн;0.02127659574468085;1.0;0.0;0.0;0.7692307692307693;0.0;0.15384615384615385;0.0;0.0;0.0;0.0;0.0;0.0;0.0;0.15384615384615385;0.0;0.0;0.0;0.0;0.0;0.0;0.0;0.38461538461538464;0.38461538461538464;0.0;0.0;0.0;0.0;0.0;0.0;0.07692307692307693;0.0;0.0;0.0;0.0;0.0;0.0;0.0;13.0;0.3070921985815603
Медикор ЦСМ ЗАО/Сэлвим ООО;0.0;Проблема в описании.;7.0;1.0;0.0;0.0;;1.0;1;1.0;55.76632559999999;37.5324895;ChIJTeJ8fHlJtUYR-UM8L-_p3Ns;Сэлвим;0.0;http://www.salvim.ru/;[['', 5, 1432094634]];;;;1.0;0.3333333333333333;1826.0;10.0;"Общество с ограниченной ответственностью ""СЭЛВИМ"" (ООО ""СЭЛВИМ"")";0.1;0.0;1.0;0.0;1.0;0.0;0.0;0.0;0.0;0.0;0.0;0.0;0.0;0.0;0.0;0.0;0.0;0.0;0.0;0.0;0.0;0.0;0.5;0.0;0.0;0.0;0.0;0.0;0.0;0.0;0.5;0.0;0.0;0.0;0.0;0.0;0.0;0.0;2.0;0.3666666666666667
Бионорика АГ;0.0;;0.0;1.0;0.0;0.3333333333333333;140.0;1.0;2;3.0;55.6854855;37.4895685;ChIJTfcbH01MtUYRR_Ii6n44Lcs;Бионорика Аг;0.8;http://www.bionorica.ru/;[['', 1, 1457343242]];1135474.0;76411.0;107.0;1.0;0.6896551724137931;1826.0;29.0;Бионорика АГ;0.06896551724137931;1.0;0.0;0.0;0.75;0.0;0.25;0.0;0.0;0.0;0.0;0.0;0.0;0.5;0.0;0.0;0.0;0.0;0.0;0.0;0.0;0.0;0.5;0.0;0.0;0.0;0.0;0.0;0.0;0.0;0.0;0.0;0.0;0.0;0.0;0.0;0.0;0.0;4.0;0.6229885057471264
Фарм-Синтез АО/пр.Деко Компания  ООО;0.0;;0.0;1.0;0.0;0.0;;0.4;1;1.0;55.7063446;37.6035193;ChIJV-nmvmdLtUYR-o19kBcw-xk;Фарм-синтез;;http://pharm-sintez.ru/;[];6121667.0;491802.0;47.0;1.0;1.0;;4.0;"ООО ""Фарм-Синтез""";0.25;0.0;1.0;0.0;1.0;0.0;0.0;0.0;0.0;0.0;0.0;0.0;0.0;0.0;0.0;0.0;0.0;0.0;0.0;0.0;0.0;0.0;0.5;0.0;0.0;0.0;0.0;0.0;0.5;0.0;0.0;0.0;0.0;0.0;0.0;0.0;0.0;0.0;2.0;0.3833333333333333
Белупо лекарства и косметика д.д.;0.0;;0.0;0.9166666666666666;0.08333333333333333;0.0;;1.0;6;12.0;55.709838;37.508419;ChIJW-VRVBNMtUYRIdc5aVQzaWg;Белупо Лекарства и Косметика Д. Д.;0.8;https://www.vidal.ru/drugs/company/193;[['Ь', 1, 1471342532]];117529.0;10337.0;781.0;0.9714285714285714;0.5142857142857142;1826.4117647058827;70.0;БЕЛУПО, лекарства и косметика д.д.;0.08571428571428572;1.0;0.0;0.0;0.925;0.0;0.075;0.0;0.0;0.225;0.0;0.0;0.0;0.0;0.0;0.0;0.0;0.0;0.0;0.0;0.0;0.0;0.475;0.0;0.025;0.0;0.0;0.0;0.0;0.0;0.35;0.0;0.0;0.15;0.0;0.0;0.0;0.0;40.0;0.6285714285714286
Синтез ОАО;1.0;;0.0;0.8125;0.1875;0.10416666666666667;50.0;0.8541666666666666;11;48.0;55.921172;37.525644;ChIJWzVIbI85tUYRlTbKa0ve3tE;Тонкий Органический Синтез;0.05999999999999996;http://www.toshim.ru/;[['Предприятие хоть и старое, но с профессиональным человеческим ресурсом. Жаль главный акционер,глух и нем к перспективному активу. Не нужны проблемы ни городу, ни мэру и тем более стране. Наилучшие пожелания трудовому коллективу. Один Махов сменился другим. :(( Держитесь. С уважением, Логинов', 5, 1406559826], ['', 5, 1516188935], ['', 4, 1462977163]];7517366.0;735589.0;11.0;0.9444444444444444;0.6296296296296297;1826.0;108.0;Синтез ОАО;0.10185185185185185;0.0;1.0;0.0;0.9008810572687224;0.0;0.022026431718061675;0.07709251101321586;0.0;0.015418502202643172;0.0;0.0;0.0;0.15198237885462554;0.05506607929515418;0.03303964757709251;0.02643171806167401;0.0;0.0;0.0;0.0;0.0;0.16519823788546256;0.0;0.21145374449339208;0.013215859030837005;0.028634361233480177;0.0;0.04185022026431718;0.1277533039647577;0.12334801762114538;0.0;0.019823788546255508;0.002202643171806168;0.0;0.0;0.0;0.0;454.0;0.33867283950617283
Йодные технологии и маркетинг ООО;-1.0;Маркировка.;4.0;0.75;0.25;0.0;;1.0;2;8.0;55.72174460000001;37.7035034;ChIJXUmmUi61SkERHF9ERMCNavk;Йодные Технологии И Маркетинг;;http://www.itimc.ru/;[];;;;0.6;0.6;1433.0;5.0;Йодные технологии и маркетинг ООО;0.4;0.001663893510815308;0.9983361064891848;0.0;0.9767054908485856;0.021630615640599003;0.0;0.001663893510815308;0.0;0.013311148086522465;0.0;0.0;0.001663893510815308;0.6605657237936772;0.06655574043261231;0.003327787021630616;0.05324459234608985;0.0;0.0;0.0;0.0;0.0;0.07820299500831948;0.0;0.0;0.0;0.006655574043261232;0.0;0.018302828618968387;0.03993344425956739;0.06988352745424292;0.0;0.001663893510815308;0.0;0.0;0.0;0.0;0.0;601.0;0.6333333333333333
Берингер Ингельхайм Интернешнл ГмбХ;0.0;;0.0;0.0;1.0;1.0;;1.0;1;3.0;55.822188;37.4995391;ChIJXzhChTxItUYRrZLAAkdQf_c;Берингер Ингельхайм;0.0;https://www.boehringer-ingelheim.ru/;[['Отличная работа', 5, 1481463981], ['', 5, 1502185334]];3926610.0;325086.0;80.0;0.994318181818182;0.8227813852813852;1816.2432432432433;141.0;Берингер Ингельхейм Интернешнл ГмбХ;0.0070921985815602835;1.0;0.0;0.0;1.0;0.0;0.0;0.0;0.0;0.0;0.0;0.0;0.0;0.6666666666666666;0.3333333333333333;0.0;0.0;0.0;0.0;0.0;0.0;0.0;0.0;0.0;0.0;0.0;0.0;0.0;0.0;0.0;0.0;0.0;0.0;0.0;0.0;0.0;0.0;0.0;3.0;0.33569739952718675
Ранбакси Лабораториз Лтд;0.0;;0.0;0.0;1.0;0.0;;0.4666666666666667;2;6.0;55.82635000000001;37.6281953;ChIJY5alyXk2tUYRlxyBZb2_pAM;Ранбакси;;http://www.sunpharma.com/russia;[];191185.0;16379.0;622.0;0.9756266205704408;0.7601267646211466;1813.953703703704;120.0;Ранбакси Лабораториз Лтд;0.016666666666666666;1.0;0.0;0.0;0.5113636363636364;0.0;0.045454545454545456;0.4431818181818182;0.0;0.0;0.0;0.022727272727272728;0.0;0.11363636363636365;0.09090909090909093;0.0;0.0;0.0;0.0;0.0;0.0;0.0;0.1590909090909091;0.0;0.03409090909090909;0.0;0.022727272727272728;0.0;0.045454545454545456;0.022727272727272728;0.045454545454545456;0.0;0.0;0.0;0.4431818181818182;0.0;0.0;0.0;88.0;0.3277777777777778
Валента Фарм ПАО;1.0;;0.0;0.14814814814814814;0.8518518518518519;0.07407407407407407;223.5;0.37777777777777777;3;27.0;55.9123872;38.0090045;ChIJY83Q7CrTSkER4MHnT6ofxlc;Валента Фарм завод;0.0;http://www.valentapharm.com/;[['', 5, 1482173127]];920375.0;73493.0;124.0;0.91609375;0.8039468125960062;1675.672379406308;470.0;Щелковский витаминный завод ОАО;0.006382978723404255;0.0;1.0;0.0;0.9287833827893176;0.0;0.03857566765578635;0.029673590504451036;0.002967359050445104;0.011869436201780416;0.0;0.014836795252225518;0.0;0.3946587537091989;0.1572700296735905;0.0;0.029673590504451036;0.0;0.0;0.0;0.0;0.0;0.05637982195845698;0.017804154302670624;0.09198813056379823;0.10682492581602374;0.011869436201780416;0.0;0.002967359050445104;0.05341246290801187;0.029673590504451036;0.0;0.017804154302670624;0.0;0.011869436201780416;0.0;0.0;0.002967359050445104;337.0;0.128053585500394
АВВА РУС АО;0.0;;0.0;1.0;0.0;0.0;;0.4;1;1.0;55.76510309999999;37.41367279999999;ChIJY8up48xItUYRcbCjYoGqLTk;АВВА РУС;0.0;http://www.avva-rus.ru/;[['', 5, 1498811309]];2227896.0;231959.0;36.0;1.0;0.6817502510484967;1507.047142857143;195.0;"Открытое акционерное общество ""АВВА РУС"" (ОАО ""АВВА РУС"")";0.005128205128205128;0.0;1.0;0.0;1.0;0.0;0.0;0.0;0.0;0.0196078431372549;0.0;0.0;0.0;0.0;0.0;0.0;0.0196078431372549;0.0;0.0;0.0;0.0;0.0;0.0784313725490196;0.7450980392156863;0.0;0.0;0.09803921568627452;0.0;0.0;0.0;0.05882352941176471;0.0;0.0;0.0;0.0;0.0;0.0;0.0;51.0;0.13504273504273503
Обновление ПФК ЗАО;1.0;;0.0;0.6666666666666666;0.3333333333333333;0.3333333333333333;199.0;0.6;6;6.0;55.709838;37.508419;ChIJYTwhVBNMtUYRXUge9SXJ8vo;Аква Марис;;http://aquamaris.ru/;[];931629.0;78839.0;54.0;0.98;0.66;1681.470588235294;50.0;Обновление ПФК ЗАО;0.12;0.0;1.0;0.0;0.8444444444444444;0.0;0.15555555555555556;0.0;0.0;0.0;0.0;0.0;0.0;0.1851851851851852;0.022222222222222227;0.0;0.014814814814814815;0.0;0.0;0.0;0.0;0.0;0.17037037037037034;0.05185185185185185;0.2814814814814815;0.0;0.0;0.007407407407407408;0.0;0.17777777777777778;0.05925925925925926;0.0;0.007407407407407408;0.022222222222222227;0.0;0.0;0.0;0.0;135.0;0.40666666666666673
ЮСБ Фарма С.А.;0.0;Проблема в описании.;7.0;1.0;0.0;0.0;;1.0;1;1.0;55.7505536;37.5393727;ChIJYzPv99tLtUYRalBsxwU0Yuo;ЮСБ Фарма;;http://ucbrussia.ru/;[];12542622.0;569679.0;27.0;1.0;0.7351351351351352;1290.1904761904761;78.0;ЮСВ Фарма СА;0.01282051282051282;1.0;0.0;0.0;0.625;0.0;0.375;0.0;0.0;0.0;0.0;0.0;0.0;0.0;0.25;0.0;0.0;0.0;0.0;0.0;0.0;0.0;0.5;0.0;0.125;0.0;0.0;0.0;0.0;0.0;0.125;0.0;0.0;0.0;0.0;0.0;0.0;0.0;8.0;0.5042735042735043
Генериум АО;0.0;;0.0;0.0;1.0;1.0;75.33333333333333;0.33333333333333337;3;3.0;55.75223879999999;37.5325035;ChIJZ9LB395LtUYRM-zk3WKovNY;Генериум;0.0;http://generiumzao.ru/;[['', 5, 1501312066]];;;;1.0;0.64;1826.3125;36.0;"Закрытое акционерное общество ""ГЕНЕРИУМ"" (ЗАО ""ГЕНЕРИУМ"")";0.08333333333333333;0.0;1.0;0.0;0.0;0.0;0.8;0.2;0.0;0.0;0.0;0.0;0.0;0.0;0.0;0.0;0.0;0.0;0.0;0.2;0.0;0.0;0.0;0.0;0.0;0.0;0.0;0.0;0.0;0.0;0.6;0.0;0.0;0.2;0.0;0.0;0.0;0.0;5.0;0.1388888888888889
Сотекс ФармФирма ЗАО;0.0;;0.0;1.0;0.0;1.0;404.0;1.0;2;3.0;55.65893999999999;37.637291;ChIJZbMm5GqzSkER0W-I7pk1bsA;Сотекс;0.2;http://www.sotex.ru/;[['Сотекс', 4, 1494844511]];1148697.0;76498.0;84.0;0.9818181818181818;0.7805704099821746;1826.398345153664;150.0;Сотекс ФармФирма ЗАО;0.013333333333333334;0.0;1.0;0.0;1.0;0.0;0.0;0.0;0.0;0.004878048780487805;0.0;0.0;0.0;0.0;0.3463414634146341;0.0;0.0;0.0;0.0;0.0;0.0;0.0;0.0;0.0;0.14146341463414633;0.0;0.0;0.0;0.014634146341463415;0.4878048780487805;0.0;0.0;0.004878048780487805;0.004878048780487805;0.0;0.0;0.0;0.0;205.0;0.40444444444444444
Байер Биттерфельд ГмбХ;0.0;;0.0;1.0;0.0;0.0;;0.4;2;16.0;55.79023299999999;37.5852151;ChIJ_5nO4RRLtUYRgKPSs_37TYk;Интернет-аптека Piluli.ru;0.42000000000000004;http://www.piluli.ru/;"[['Курьеры просто жесть. Лучше сменить обслуживающую организацию. \nПри просьбе оставить комментарий, слова все сделали, но по факту - ничего. \nВместо решения проблемы - рассказ как у них все сложно. \nПонимаю сложную экономическую обстановку в стране, но рекомендую пересмотреть качество предоставляемого сервиса. \nВ результате решения проблемы - отмена заказа.', 1, 1517227850], ['очень не хотела писать этот отзыв. и до последнего пыталась связаться с отделом по работе с клиентами... но увы... до этого была постоянным клиентом, косяков не было никогда, а если и были, то всегда можно войти в положение. Но эти ребята решили, что я идиотка с плохой памятью. Был сделан заказ. в письме была дата доставки. В назначенное время доставки (а точнее через час после) звонок.... и оп оп.... оказывается у меня заказ на следующий день. И мне упорно утверждают, что это я оказывается ошиблась. после чего заказ вообще отменили, хотя такой просьбы от меня не поступало. Короче дойду до обычной аптеки, а вы ребята и дальше продолжайте терять клиентов...', 1, 1520316774], ['третья попытка заказать лекарства в этой аптеке.\nопять одного нет в наличии,когда будут не знают.\nа еще аптека, которая есть НА САМОМ САЙТЕ,и в которой можно бесплатно забрать, оказывается не работает с ними,очень странно.\nпожалуй, это моя последняя попытка заказать у них лекарства.', 1, 1495957444], ['Не надейтесь, что вам доставят лекарство в срок. Мой срочный заказ не дождалась вчера, и сегодня весь день жду. Курьеры просто обманывают.', 1, 1493227260], ['Являюсь постоянным клиентом интернет-аптеки Пилюли.ру\nВсегда всё было нормально, но последний заказ изрядно подпортил впечатление. Целый день просидел в ожидании доставки, все планы на праздничный день 7 января - насмарку...\nСлоган "" принимайте лекарства вовремя"" сейчас звучит издёвкой!\nСсылка на множество заказов и праздничные дни оправданием не является, ведь речь идёт о лекарствах, а не фейерверках или колбасе.', 2, 1483806772]]";8915.0;400.0;830.0;0.97;0.5700000000000001;1782.65;30.0;Экселджин Лаборатуар;0.06666666666666667;1.0;0.0;0.006211180124223602;0.12422360248447205;0.0;0.7950310559006211;0.07453416149068323;0.0;0.0;0.0;0.0;0.0;0.0;0.0;0.012422360248447204;0.006211180124223602;0.0;0.0;0.0;0.0;0.0;0.6956521739130435;0.0;0.006211180124223602;0.0;0.0;0.0;0.0;0.006211180124223602;0.19875776397515527;0.0;0.018633540372670808;0.0;0.031055900621118005;0.012422360248447204;0.0;0.012422360248447204;161.0;0.29555555555555557
Випс-Мед Фирма ООО;0.0;;0.0;0.5;0.5;0.0;;1.0;1;2.0;55.966758;38.0569561;ChIJ_UUnnlortUYRg80Y4wMgJ80;"ООО ""Фирма ""ВИПС-МЕД""";0.0;http://www.vipsmed.ru/;[['', 5, 1502564465]];2714926.0;239233.0;115.0;1.0;0.7179487179487181;1826.055555555556;33.0;"ООО ""Фирма ""Випс-Мед""";0.030303030303030304;0.0;1.0;0.0;1.0;0.0;0.0;0.0;0.0;0.0;0.0;0.0;0.0;0.25;0.25;0.0;0.0;0.0;0.0;0.0;0.0;0.0;0.25;0.0;0.0;0.0;0.0;0.0;0.0;0.0;0.25;0.0;0.0;0.0;0.0;0.0;0.0;0.0;4.0;0.3434343434343434
Новосибхимфарм ОАО;0.0;;0.0;1.0;0.0;0.0;;1.0;1;1.0;55.66172510000001;37.5092279;ChIJaf1kOxBNtUYRQuW1cp98ydw;Р-Фарм;;http://www.r-pharm.com/ru/;[];2187220.0;161580.0;227.0;0.75;0.2504166666666666;1826.3;43.0;Р-Фарм ЮС Оперэйтин ЭЛЭЛСИ;0.023255813953488372;0.01904761904761905;0.9809523809523808;0.0;0.9809523809523808;0.0;0.0;0.01904761904761905;0.0;0.009523809523809523;0.0;0.0;0.0;0.06666666666666668;0.22857142857142854;0.0;0.009523809523809523;0.0;0.0;0.0;0.0;0.0;0.057142857142857134;0.0;0.2761904761904762;0.0;0.0;0.0;0.01904761904761905;0.24761904761904766;0.0761904761904762;0.0;0.009523809523809523;0.009523809523809523;0.0;0.0;0.0;0.0;105.0;0.5077519379844961
Хиноин ЗАО;0.0;;0.0;1.0;0.0;0.0;;1.0;1;3.0;55.7225439;37.515524600000006;ChIJb5YieAlMtUYRC59u2Jeuyhg;Эвалар;0.4;https://www.evalar.ru/;[['В магазине хороший ассортимент продукции. Практически без торговых наценок, по цене производителя. Минус: написано, что есть скидки пенсионерам, но, как оказалось, только по карте москвича.?', 4, 1485156415], ['Крайне нелюбезная и хамоватая секретарь на первом этаже ресепшн офиса на улице Довженко.', 2, 1506663175]];71435.0;4020.0;232.0;0.9871794871794872;0.8600427350427351;1826.3939393939395;84.0;Эвалар ЗАО;0.011904761904761904;0.2727272727272727;0.7272727272727273;0.0;0.7272727272727273;0.0;0.2727272727272727;0.0;0.0;0.0;0.0;0.0;0.0;0.2727272727272727;0.0;0.0;0.0;0.0;0.0;0.0;0.0;0.0;0.3636363636363637;0.0;0.09090909090909093;0.0;0.0;0.0;0.09090909090909093;0.09090909090909093;0.0;0.0;0.09090909090909093;0.0;0.0;0.0;0.0;0.0;11.0;0.4706349206349206
Дельфарм Реймс;0.0;;0.0;1.0;0.0;0.0;;1.0;2;8.0;55.69505299999999;37.756982;ChIJbShggKy1SkERnOYCir1_4oE;Аптека 007;0.0;http://apteka007.ru/;[['', 5, 1487079468]];3360100.0;204956.0;29.0;1.0;0.5619047619047619;1826.333333333333;17.0;Эйсай Мануфэкчуринг Лимитед;0.11764705882352941;1.0;0.0;0.0;0.8378378378378378;0.0;0.16216216216216214;0.0;0.0;0.0;0.0;0.013513513513513514;0.0;0.10810810810810813;0.0945945945945946;0.0;0.0;0.0;0.0;0.0;0.0;0.0;0.4459459459459459;0.0;0.16216216216216214;0.0;0.0;0.0;0.0;0.013513513513513514;0.13513513513513514;0.0;0.0;0.027027027027027032;0.0;0.0;0.0;0.0;74.0;0.37254901960784315
ГлаксоСмитКляйн Трейдинг ЗАО/пр.ГлаксоСмитКляйн Фармасьютикалз С.А.;-1.0;;0.0;1.0;0.0;0.0;;1.0;1;2.0;55.770605;37.421299;ChIJcWTIzMtItUYRsMzR_m-qC_s;Glaxosmithkline;;http://www.glaxosmithkline.ru/;[];;;;0.8765977556666839;0.8611833230224606;1826.4666666666665;268.0;"Закрытое акционерное общество ""ГлаксоСмитКляйн Трейдинг""";0.0037313432835820895;;;;;;;;;;;;;;;;;;;;;;;;;;;;;;;;;;;;;;;0.5012437810945274
Кревель Мойзельбах ГмбХ;1.0;;0.0;0.6666666666666666;0.3333333333333333;0.3333333333333333;255.0;1.0;1;3.0;55.77538509999999;37.5858111;ChIJceyUBiNKtUYRyJmP0fAAc-k;Кревель Мойзельбах ГмбХ;;http://www.krewel-meuselbach.ru/;[];6578562.0;631143.0;19.0;1.0;0.5454545454545454;1826.0;11.0;Кревель Мойзельбах ГмбХ;0.09090909090909091;1.0;0.0;0.0;0.625;0.0;0.0;0.375;0.0;0.0;0.0;0.025;0.0;0.375;0.075;0.0;0.0;0.0;0.0;0.0;0.0;0.0;0.05;0.0;0.0;0.0;0.0;0.0;0.05;0.0;0.05;0.0;0.05;0.0;0.125;0.05;0.0;0.15;40.0;0.5303030303030303
Ферринг Арцнаймиттель ГмбХ;0.0;;0.0;0.0;1.0;0.0;;1.0;1;1.0;55.748179;37.5839001;ChIJcxfWBLRLtUYRUD7iIwIA3TM;Ferring Pharmaceuticals;;http://www.ferring.ru/;[];7878465.0;;81.0;1.0;0.5830940988835726;1826.0;35.0;Ферринг ГмбХ;0.02857142857142857;1.0;0.0;0.0;0.0;0.0;1.0;0.0;0.0;0.0;0.0;0.0;0.0;0.0;0.0;0.0;0.0;0.0;0.0;0.0;0.0;0.0;1.0;0.0;0.0;0.0;0.0;0.0;0.0;0.0;0.0;0.0;0.0;0.0;0.0;0.0;0.0;0.0;1.0;0.5095238095238095
ЭВЕР Нейро Фарма ГмбХ;0.0;;0.0;1.0;0.0;0.5;98.0;1.0;2;4.0;55.7885929;37.58869519999999;ChIJd22kARNKtUYR_15_VenR82g;Эбеве Фарма;;https://www.rlsnet.ru/firm_index_id_404.htm;[];12672.0;834.0;1330.0;0.9924242424242424;0.7973484848484849;1826.666666666667;56.0;Эбеве Фарма Гес.м.б.Х. Нфг.КГ.;0.03571428571428571;1.0;0.0;0.0;0.7043478260869566;0.0;0.21739130434782608;0.0782608695652174;0.0;0.008695652173913044;0.0;0.0;0.0;0.0;0.0;0.0;0.008695652173913044;0.0;0.0;0.008695652173913044;0.0;0.0;0.17391304347826084;0.008695652173913044;0.5739130434782609;0.0;0.0;0.0;0.026086956521739132;0.08695652173913042;0.043478260869565216;0.0;0.017391304347826087;0.0;0.034782608695652174;0.0;0.0;0.017391304347826087;115.0;0.511904761904762
Фирн М ЗАО;0.0;;0.0;1.0;0.0;0.0;;1.0;1;1.0;55.785867;37.61419;ChIJdQJbAQdKtUYRC47YwAAmDUM;"ЗАО ""Фирн М""";0.0;;[['Производят отличное средство от простуды и гриппа Гриппферон', 5, 1498977329]];;;;0.9829059829059829;0.5810023310023311;1826.4629629629626;54.0;Фирн М ЗАО;0.018518518518518517;0.0;1.0;0.0;1.0;0.0;0.0;0.0;0.0;0.0;0.0;0.0;0.0;0.0;0.0;0.0;0.0;0.0;0.0;0.0;0.0;0.0;1.0;0.0;0.0;0.0;0.0;0.0;0.0;0.0;0.0;0.0;0.0;0.0;0.0;0.0;0.0;0.0;1.0;0.3395061728395062
Ципла Лтд;0.0;;0.0;1.0;0.0;0.0;;1.0;1;1.0;55.658984;37.63734390000001;ChIJdc7WB2uzSkERpAE4Y-RSKqI;ООО «ПРОТЕК-СВМ»;;http://protek-svm.ru/;[];9201744.0;;15.0;0.96875;0.7986111111111109;1826.2222222222226;31.0;Ципла Лтд.;0.03225806451612903;1.0;0.0;0.0;0.8947368421052632;0.0;0.0;0.10526315789473684;0.0;0.0;0.0;0.0;0.0;0.0;0.631578947368421;0.0;0.0;0.0;0.10526315789473684;0.0;0.0;0.0;0.0;0.0;0.0;0.0;0.0;0.0;0.05263157894736842;0.10526315789473684;0.10526315789473684;0.0;0.0;0.0;0.0;0.0;0.0;0.0;19.0;0.510752688172043
Росбио ООО;0.0;;0.0;0.0;1.0;0.0;;1.0;1;1.0;55.42226700000001;37.553157;ChIJe73X6xWoSkERsmC6psMeDhM;Зелдис-Фарма;0.0;http://www.zeldis.ru/;[['', 5, 1521028779]];8268951.0;699603.0;30.0;1.0;0.75;1826.0;12.0;Росбио ООО;0.08333333333333333;0.0;1.0;0.0;0.88;0.0;0.0;0.12;0.0;0.04;0.0;0.0;0.0;0.16;0.04;0.0;0.12;0.0;0.0;0.0;0.0;0.0;0.0;0.04;0.04;0.0;0.0;0.0;0.0;0.16;0.28;0.0;0.04;0.0;0.0;0.08;0.0;0.04;25.0;0.3611111111111111
Дальхимфарм ОАО;0.0;;0.0;0.3333333333333333;0.6666666666666666;0.3333333333333333;;0.4666666666666667;3;3.0;55.70634010000001;37.7257273;ChIJeZc7yh21SkERx5trQmeTwnI;Дальхимфарм;;http://dhf.khv.ru/;[];212239.0;14713.0;2423.0;0.9841772151898734;0.7332017303635183;1809.7614379084966;348.0;"Открытое акционерное общество ""Дальхимфарм""";0.008620689655172414;0.0;1.0;0.0;0.9829059829059827;0.0;0.017094017094017096;0.0;0.0;0.02564102564102564;0.008547008547008548;0.008547008547008548;0.0;0.3547008547008547;0.21367521367521367;0.0;0.038461538461538464;0.0;0.0;0.0;0.0;0.0;0.042735042735042736;0.0;0.1452991452991453;0.0;0.01282051282051282;0.0;0.0;0.11965811965811965;0.034188034188034185;0.0;0.008547008547008548;0.01282051282051282;0.0;0.0;0.0;0.0;234.0;0.325095785440613
СиЭнВиТи Фарма Лимитед/пр.Актавис Групп АО;1.0;;0.0;0.6666666666666666;0.3333333333333333;0.6666666666666666;201.0;1.0;2;6.0;55.7362664;37.62236899999999;ChIJf5WJuQNLtUYR53XHU6jH9zM;АКТАВИС;;;[];;;;1.0;0.7854533594259622;1826.297619047619;113.0;ООО Актавис;0.017699115044247787;1.0;0.0;0.0;1.0;0.0;0.0;0.0;0.0;0.0;0.0;0.0;0.0;0.0;0.0;0.0;0.0;0.0;0.0;0.0;0.0;0.0;0.5;0.0;0.0;0.0;0.0;0.0;0.5;0.0;0.0;0.0;0.0;0.0;0.0;0.0;0.0;0.0;8.0;0.5058997050147492
Зентива а.с.;0.0;;0.0;1.0;0.0;0.0;;1.0;2;2.0;55.7676305;37.60085120000001;ChIJfXUVSz9KtUYRQNT2nzsvvmw;Зентива Фарма;;http://www.zentiva.ru/;[];;;;0.9237097598364844;0.8553142565150741;1807.9857320099252;200.0;Зентива к.с.;0.01;1.0;0.0;0.0;0.6785714285714286;0.0;0.32142857142857145;0.0;0.0;0.011904761904761904;0.0;0.0;0.0;0.3928571428571429;0.047619047619047616;0.0;0.011904761904761904;0.0;0.0;0.0;0.0;0.0;0.32142857142857145;0.011904761904761904;0.15476190476190474;0.0;0.023809523809523808;0.0;0.0;0.023809523809523808;0.011904761904761904;0.0;0.0;0.0;0.0;0.0;0.0;0.0;84.0;0.5033333333333333
Фармцентр ВИЛАР ЗАО;0.0;;0.0;1.0;0.0;0.0;;1.0;1;1.0;55.56703140000001;37.569966;ChIJfc2KK7qtSkERmQNGKtfCpNU;Фармцентр Вилар;0.0;http://www.vilar-plant.ru/;[['', 5, 1371336165]];11451330.0;838916.0;26.0;0.9206349206349206;0.6578194119177725;1845.7857142857144;98.0;Фармцентр ВИЛАР ЗАО;0.01020408163265306;0.0;1.0;0.0;1.0;0.0;0.0;0.0;0.0;0.0;0.0;0.0;0.0;0.25;0.125;0.0;0.4375;0.0;0.0;0.0;0.0;0.0;0.0625;0.0;0.0625;0.0;0.0;0.0;0.0;0.0;0.0625;0.0;0.0;0.0;0.0;0.0;0.0;0.0;16.0;0.336734693877551
Нижфарм АО;0.0;;0.0;0.0;1.0;0.0;;1.0;1;1.0;55.73557599999999;37.62320109999999;ChIJfdsnBwNLtUYR5lPQmuVHdpc;Stada CIS;;http://stada.ru/;[];169055.0;19751.0;234.0;0.8488372093023255;0.5;1522.0;86.0;Нижфарм ОАО;0.011627906976744186;0.0;1.0;0.0;0.8843537414965986;0.0;0.0;0.11564625850340135;0.0;0.006802721088435374;0.0;0.0;0.0;0.3673469387755102;0.061224489795918366;0.006802721088435374;0.013605442176870748;0.0;0.0;0.0;0.0;0.0;0.020408163265306117;0.0;0.034013605442176874;0.11564625850340135;0.013605442176870748;0.0;0.0;0.1836734693877551;0.020408163265306117;0.0;0.16326530612244894;0.0;0.0;0.0;0.0;0.0;147.0;0.5038759689922481
Фармстандарт-Лексредства ОАО;0.0;Упаковка.;4.0;0.0;1.0;0.0;;1.0;1;1.0;55.92114880000001;37.5273201;ChIJgTkLbY85tUYRjy6a50nTqAQ;ФАРМСТАНДАРТ;0.52;https://pharmstd.ru/;"[['Эти ребята класс! По роду работы приходится сталкиваться с ними,они даже на складе работать не хотят!!! Работают одни пенсионеры,и люди пред пенсионного возраста!!!сами не работают и другим не дают!!!', 1, 1508333046], ['Кларисенс. Почему в упаковке из 30 таблеток по 10 мг (цена 115 р 50 коп), содержаться только 28 таблеток? Тут в принципе дело, не в деньгах. Покупатель должен знать, что не получит ""кота в мешке"".    \nНа сайте обратная связь не работает. В поле где должны стоять предлагаемые цифры -стоят слова (Например вместо 33, стоит Tri Tri), пробовала вводить и цифрами и буквами- сообщение не уходит.\nПрошу ответить.', 2, 1407821403], ['Уважаемые друзья! Купил Ваш спрей, а применить не могу - он почти совсем не брызгается. Видимо, в упаковке (баллоне) есть брак. По обратной связи не смог Вам написать - сообщает, что неверно написаны цифры. Перепробовал все варианты - писал цифрами, буквами (кириллицей и латынью) - ничего не прошло. Вероятно, Вы сделали эти трудности не случайно.', 2, 1365786770], ['я вегетарианка, купила компливит, прочла в инструкции в списке вспомогательных веществ -желатин, и пришлось сразу же выбросить в мусор и вынести. Как жаль потраченных денег, пусть и небольших. ', 1, 1409158362], ['Дно', 1, 1503638268]]";705109.0;46207.0;209.0;0.9121758569299554;0.6049228886769353;1833.1329110704114;565.0;Фармстандарт-Уфимский витаминный завод ОАО;0.0017699115044247787;0.0;1.0;0.0;0.8933717579250721;0.0;0.02881844380403458;0.07780979827089338;0.0;0.025936599423631124;0.0;0.01440922190201729;0.0;0.3919308357348703;0.07492795389048991;0.002881844380403458;0.002881844380403458;0.0;0.0;0.0;0.0;0.0;0.008645533141210375;0.069164265129683;0.15273775216138327;0.06051873198847262;0.005763688760806916;0.0;0.002881844380403458;0.06628242074927954;0.05187319884726225;0.0;0.025936599423631124;0.03746397694524496;0.0;0.008645533141210375;0.0;0.023054755043227664;347.0;0.5072566371681416
Медхимпром-ПХФК;-1.0;;0.0;0.5;0.5;0.0;;0.4;1;2.0;55.748162;37.9759529;ChIJh5D3XkHJSkERlTDYYs0NaxE;Медхимпром;;http://www.medhimprom.ru/kontakty;[];4427251.0;300813.0;8.0;0.9333333333333332;0.6848484848484849;1826.4166666666665;19.0;"Промышленная химико-фармацевтическая компания  открытое акционерное общество ""Медхимпром"" (ОАО ПХФК ""Медхимпром"")";0.05263157894736842;0.0;1.0;0.0;0.7368421052631579;0.0;0.0;0.2631578947368421;0.0;0.0;0.0;0.0;0.0;0.0;0.0;0.0;0.0;0.0;0.0;0.0;0.0;0.0;0.05263157894736842;0.0;0.0;0.0;0.0;0.0;0.05263157894736842;0.05263157894736842;0.5789473684210527;0.0;0.0;0.0;0.0;0.10526315789473684;0.0;0.15789473684210525;19.0;0.31754385964912285
Пабяницкий ФЗ Польфа АО;0.0;;0.0;0.0;1.0;0.0;;1.0;1;2.0;55.74762399999999;37.563588;ChIJh6UxpMhLtUYRI6kmpUlpPqM;Ciech Polfa;;https://www.polfa.eu/ru/;[];6910622.0;;20.0;0.4473684210526316;0.4605263157894737;1683.111111111111;22.0;Польфа-Лодзь фармацевтический завод АО;0.045454545454545456;1.0;0.0;0.0;0.1111111111111111;0.0;0.0;0.8888888888888888;0.0;0.0;0.0;0.0;0.0;0.027777777777777776;0.05555555555555555;0.0;0.0;0.0;0.0;0.0;0.0;0.0;0.0;0.0;0.0;0.0;0.0;0.0;0.05555555555555555;0.05555555555555555;0.0;0.0;0.05555555555555555;0.0;0.1388888888888889;0.3888888888888889;0.027777777777777776;0.19444444444444445;36.0;0.5151515151515151
Шрея Лайф Сайенсиз Пвт Лтд;0.0;;0.0;1.0;0.0;1.0;358.0;1.0;1;1.0;55.749545;37.70312699999999;ChIJhZzA0A9LtUYRKNy2RR6u9uA;Шрея Лайф Саенсиз Пвт Лтд;;http://www.shreyalife.com/;[];7275158.0;;25.0;1.0;0.9623655913978496;1826.0;71.0;Шрея Лайф Сайенсиз Пвт.Лтд;0.014084507042253521;1.0;0.0;0.0;0.9930555555555556;0.0;0.006944444444444444;0.0;0.0;0.0023148148148148147;0.0;0.0046296296296296285;0.0;0.4976851851851852;0.2708333333333333;0.0023148148148148147;0.0023148148148148147;0.0;0.0;0.0;0.0;0.0023148148148148147;0.053240740740740734;0.04166666666666666;0.02083333333333333;0.0;0.037037037037037035;0.0;0.0;0.027777777777777776;0.03935185185185185;0.0;0.0;0.0;0.0;0.0;0.0;0.0;432.0;0.5046948356807511
Микроген НПО ФГУП (Московское подразделение им.Габричевского);0.0;Маркировка.;4.0;1.0;0.0;0.0;;1.0;1;1.0;55.77537299999999;37.61705900000001;ChIJieZTUhNKtUYRlHpcqUkqDTE;МИКРОГЕН, НПО ФГУП предприятие по производству бактерийных препаратов им. Г.Н.Габричевского;0.0;http://www.microgen.ru/;[['', 5, 1454321398]];962655.0;100778.0;155.0;0.7037037037037037;0.30811662726556344;2025.2763157894733;260.0;"Федеральное государственное унитарное предприятие «Научно-производственное объединение по медицинским  иммунобиологическим препаратам «Микроген» (ФГУП ""НПО ""Микроген"")";0.0038461538461538464;0.0;1.0;0.0;0.6666666666666666;0.0;0.3333333333333333;0.0;0.0;0.0;0.0;0.0;0.0;0.0;0.3333333333333333;0.0;0.0;0.0;0.0;0.0;0.0;0.0;0.3333333333333333;0.0;0.0;0.0;0.0;0.0;0.0;0.0;0.3333333333333333;0.0;0.0;0.0;0.0;0.0;0.0;0.0;3.0;0.3346153846153846
Лек д.д./уп.Сотекс Фармфирма ЗАО;0.0;;0.0;1.0;0.0;0.0;;1.0;1;1.0;55.78570600000001;37.583986;ChIJk7FXGh5KtUYRUtOdUwazFNE;DSM Group;0.0;http://www.dsm.ru/;[['', 5, 1509901177], ['', 5, 1494950948]];1565275.0;131154.0;153.0;1.0;0.0;1826.0;2.0;Фармация Лтд (компания группы Пфайзер);0.5;0.0;1.0;0.0;1.0;0.0;0.0;0.0;0.0;0.0;0.0;0.07142857142857142;0.0;0.21428571428571427;0.5;0.0;0.0;0.0;0.0;0.0;0.0;0.0;0.0;0.0;0.07142857142857142;0.0;0.0;0.0;0.0;0.10714285714285714;0.03571428571428571;0.0;0.0;0.0;0.0;0.0;0.0;0.0;28.0;0.5
Айвэкс Фармасьютикалс с.р.о.;0.0;;0.0;0.5;0.5;0.0;;1.0;1;2.0;55.7294407;37.62600669999999;ChIJkbo1cRJLtUYRMGRLo57JCGQ;Тева;;http://utrinos.ru/;[];3832997.0;263953.0;9.0;0.978874883286648;0.6026680431622821;1806.7700152207003;523.0;Тева Фармацевтические Предприятия Лтд.;0.0019120458891013384;1.0;0.0;0.15384615384615385;0.7692307692307693;0.0;0.07692307692307693;0.0;0.0;0.0;0.0;0.0;0.0;0.41025641025641024;0.0;0.0;0.15384615384615385;0.0;0.0;0.0;0.0;0.0;0.2307692307692308;0.0;0.0;0.0;0.0;0.0;0.0;0.05128205128205128;0.1282051282051282;0.0;0.02564102564102564;0.0;0.0;0.0;0.0;0.0;39.0;0.5006373486297004
Верофарм АО;0.0;;0.0;0.4230769230769231;0.5769230769230769;0.0;;0.4;4;26.0;55.783271;37.707726;ChIJl4iGdHI1tUYRPpuMLBy-t98;Верофарм;;https://veropharm.ru/;[];1417198.0;111167.0;118.0;0.9227166276346604;0.6784948578469265;1756.8237898465172;443.0;"Открытое акционерное общество ""Верофарм""";0.009029345372460496;0.0;1.0;0.0;0.3787878787878788;0.0;0.4015151515151515;0.2196969696969697;0.0;0.0;0.0;0.0;0.0;0.07575757575757576;0.022727272727272728;0.007575757575757577;0.0;0.0;0.0;0.0;0.0;0.0;0.5606060606060606;0.05303030303030303;0.03787878787878788;0.12878787878787878;0.0;0.0;0.007575757575757577;0.09090909090909093;0.007575757575757577;0.0;0.007575757575757577;0.0;0.0;0.0;0.0;0.0;132.0;0.30300978179082017
Сотекс ФармФирма ЗАО/пр.Эллара ООО;0.0;;0.0;1.0;0.0;0.0;;1.0;2;2.0;55.8484568;37.45428769999999;ChIJm0SyLPhHtUYRQqEUH_oP958;ФармАС, ООО гомеопатическая аптека;0.0;http://www.аптекафармас.рф/;[['Пользуюсь услугами этой аптеки. Фармацевты всегда вежливые. Если препарат отсутствует закажут и всегда позвонят о его поступлении. Приятно ходить в эту аптеку.', 5, 1479734633]];;;;1.0;0.7407407407407408;1826.0666666666666;37.0;"ООО ""Славянская аптека""";0.05405405405405406;0.24;0.76;0.0;0.96;0.0;0.0;0.0;0.04;0.08;0.0;0.0;0.0;0.2;0.0;0.0;0.12;0.0;0.0;0.0;0.0;0.0;0.28;0.0;0.0;0.0;0.0;0.0;0.2;0.0;0.2;0.0;0.0;0.0;0.0;0.0;0.0;0.0;25.0;0.3513513513513513
ЭКОлаб ЗАО;0.0;Проблема в описании.;7.0;1.0;0.0;0.0;;1.0;1;1.0;55.7037598;37.568313;ChIJm3B8sINMtUYRTPc2C-3HsQo;Эколаб-центр;0.0;http://www.ekolab.ru/;[['', 5, 1488474460]];5007953.0;299619.0;67.0;0.9456521739130436;0.7602173913043478;1752.2700534759356;77.0;Эколаб ЗАО;0.012987012987012988;0.0;1.0;0.0;1.0;0.0;0.0;0.0;0.0;0.030303030303030307;0.0;0.03787878787878788;0.0;0.5681818181818182;0.045454545454545456;0.0;0.030303030303030307;0.0;0.0;0.0;0.0;0.0;0.2575757575757576;0.0;0.0;0.0;0.0;0.0;0.0;0.030303030303030307;0.030303030303030307;0.0;0.0;0.0;0.0;0.0;0.0;0.0;132.0;0.3376623376623376
Рекитт Бенкизер Хелскэр Интернешнл Лтд;1.0;;0.0;0.7727272727272727;0.22727272727272727;0.0;;1.0;2;22.0;55.7318802;37.6438446;ChIJm5FQtSFLtUYRcLjIkK1z0wI;Рекитт Бенкизер;0.0;http://www.rb.com/;[['', 5, 1465675197]];158176.0;104375.0;1779.0;0.9895833333333334;0.8464583333333334;1780.701388888889;90.0;Рекитт Бенкизер Хелскэр Интернешнл Лтд;0.022222222222222223;1.0;0.0;0.0;0.9870967741935484;0.0;0.012903225806451613;0.0;0.0;0.0;0.0;0.045161290322580636;0.0;0.5483870967741935;0.0;0.0;0.0064516129032258064;0.0;0.0;0.0;0.0;0.0;0.12258064516129033;0.01935483870967742;0.025806451612903226;0.0;0.045161290322580636;0.0;0.16774193548387098;0.0;0.01935483870967742;0.0;0.0;0.0;0.0;0.0;0.0;0.0;155.0;0.34074074074074073
Армавирская биологическая фабрика ФКП;-1.0;;0.0;0.3333333333333333;0.6666666666666666;0.3333333333333333;236.0;0.4666666666666667;2;3.0;55.75458099999999;37.626212;ChIJmRlppFlKtUYRAYZL6rWs5gA;Торгово-промышленная палата Российской Федерации;0.019999999999999928;http://tpprf.ru/ru/;[['Пешая доступность до 5 линий метрополитена - это важно! )', 5, 1495013391], ['Государственное учреждение. Часто проводятся деловые мероприятия, приём иностранных делегаций, бизнес миссий.', 5, 1476901819], ['Красивое здание итальянского архитектора', 5, 1487603301], ['Видимо здесь торгуют ', 4, 1479191534], ['Beautiful building.\n???? ????.\nКрасивой Здание.', 5, 1516897480]];154036.0;10144.0;2780.0;1.0;0.8953125;1591.7857142857142;74.0;"ОАО ""Нижегородский химико-фармацевтический завод""";0.02702702702702703;0.0;1.0;0.0;0.9298245614035088;0.017543859649122806;0.05263157894736842;0.0;0.0;0.05263157894736842;0.0;0.0;0.0;0.15789473684210525;0.10526315789473684;0.017543859649122806;0.15789473684210525;0.0;0.0;0.0;0.0;0.0;0.10526315789473684;0.0;0.05263157894736842;0.0;0.0;0.0;0.017543859649122806;0.2982456140350877;0.05263157894736842;0.0;0.017543859649122806;0.017543859649122806;0.0;0.0;0.0;0.0;57.0;0.17123123123123118
Барнаульский завод медпрепаратов ООО;0.0;;0.0;1.0;0.0;0.0;;1.0;1;1.0;55.91795699999999;37.3993459;ChIJmSbw8aY_tUYRMwI1ASuUhxY;Катрен;0.42000000000000004;;"[['Мне нравится компания и люди с которыми я работаю. Все трудяжки. Много хороших спецов ушло, но вряд ли забудут Катрен! Я тоже с грустью и любовью вспоминаю их.', 5, 1506405365], ['Спросил у сторожа (охранник) где туалет.\nОн объяснил, хотя около него в подъезде есть туалет.\nНашёл по его объяснениям и сразу вернулся к этому говноеду-сторожу с ""благодарностью""\nУВАЖАЕМЫЕ ГОСПОДА РУКОВОДИТЕЛИ\nВЫ КОГДА ЭТИХ ДЕБИЛОВ СТОРОЖЕЙ БЕРЁТЕ НА РАБОТУ СПРАВТЕСЬ О ЕГО ПОЛНОЦЕННОСТИ!!!\nИли смените сторожей и туалетные кабинки!!!\n', 1, 1499248652], ['Отгрузки можно ждать сутки; даже если у вас 2 коробки - будете ждать очереди за фурами. График условен: на ворота поставят по графику, а когда отгрузят - хз. Связаться с приемкой теперь нельзя. Да и вообще хрен кому пожалуешься. Гвоздь программы - сортир для водителей: засратая до невозможности кабинка, куда тошно зайти.', 1, 1474468167], ['Ночью подъехал показал накладную зарегистрировался и запустили на стоянку  утром здал документы и остальное всё по эсемеске ворота дают выгрузят тоже смску отправят за документами тоже смску скинут только туалет на улице био отвратительный ', 4, 1467874608], ['', 1, 1500654793]]";;;;1.0;0.9268292682926828;1826.166666666667;43.0;"ОАО ""Фармацевтическая фабрика Санкт-Петербурга""";0.023255813953488372;;;;;;;;;;;;;;;;;;;;;;;;;;;;;;;;;;;;;;;0.48108527131782947
Алкон-Куврер Н.В. С.А.;0.0;;0.0;1.0;0.0;0.0;;1.0;1;3.0;55.8049297;37.5207385;ChIJmftiOMpJtUYRUCJqGsDBtXg;Алкон Фармацевтика;;http://moiglaza.ru/;[];609208.0;52694.0;40.0;0.875;0.90625;1826.0;19.0;с.а. Алкон-Куврер н.в.;0.05263157894736842;1.0;0.0;0.0;0.0;0.0;1.0;0.0;0.0;0.0;0.0;0.0;0.0;0.0;0.0;0.0;0.0;0.0;0.0;0.0;0.0;0.0;1.0;0.0;0.0;0.0;0.0;0.0;0.0;0.0;0.0;0.0;0.0;0.0;0.0;0.0;0.0;0.0;3.0;0.5175438596491228
Шеринг-Плау Лабо Н.В.;0.0;;0.0;1.0;0.0;0.0;;1.0;1;1.0;55.72319049999999;37.6091515;ChIJn-lNRw5LtUYR8gybSDdC-dE;Schering Plough (Швейцария);;;[];;;;0.8378600823045268;0.8131687242798353;1798.6153846153848;88.0;Шеринг-Плау Лабо Н.В.;0.011363636363636364;1.0;0.0;0.015625;0.140625;0.0;0.0;0.59375;0.25;0.0;0.0;0.0;0.0;0.0;0.0;0.0;0.265625;0.0;0.0;0.0;0.0;0.0;0.0;0.0;0.015625;0.0;0.0;0.0;0.015625;0.09375;0.171875;0.0;0.0625;0.03125;0.03125;0.140625;0.03125;0.140625;64.0;0.5037878787878788
Альфа Вассерманн С.п.А.;0.0;;0.0;0.6;0.4;0.0;;0.6799999999999999;1;5.0;55.76799329999999;37.60208170000001;ChIJnYaPtiVLtUYRuK3rKkGK2U8;Альфасигма Рус;;https://www.alfasigma.com.ru/;[];;;;1.0;0.8;1468.0;20.0;Альфа Вассерманн С.п.А.;0.05;1.0;0.0;0.0;0.6;0.0;0.4;0.0;0.0;0.1;0.0;0.0;0.0;0.0;0.0;0.0;0.1;0.0;0.0;0.0;0.0;0.0;0.4;0.0;0.0;0.0;0.0;0.0;0.0;0.0;0.5;0.0;0.0;0.0;0.0;0.0;0.0;0.0;10.0;0.41
Хоффманн-Ля Рош Лтд/пр.Дженентек Инк/уп.Ортат ЗАО;-1.0;;0.0;0.6666666666666666;0.3333333333333333;0.1111111111111111;95.0;0.7333333333333333;1;9.0;55.6616108;37.5461009;ChIJn_8YrSBNtUYRI43H0GseLmU;Фармацевтический Вестник Газета;;https://www.pharmvestnik.ru/;[];249370.0;17540.0;854.0;1.0;0.9444444444444444;1826.0;9.0;"ООО ""СИА ИНТЕРНЕЙШНЛ Активные Фармацевтические Субстанции""";0.1111111111111111;1.0;0.0;0.0;1.0;0.0;0.0;0.0;0.0;0.0;0.0;0.375;0.0;0.0;0.125;0.0;0.0;0.0;0.0;0.0;0.0;0.0;0.0;0.0;0.0;0.0;0.0;0.0;0.0;0.5;0.0;0.0;0.0;0.0;0.0;0.0;0.0;0.0;8.0;0.4481481481481482
Сан Фармасьютикал Индастриз Лтд;1.0;;0.0;1.0;0.0;0.0;;1.0;1;5.0;55.6616108;37.5461009;ChIJn_8YrSBNtUYRxyUlP-UJ5Yw;Сан Фармасьютикал Индастриз Лимитед;;http://www.sunpharma.com/russia;[];191185.0;16379.0;622.0;0.9920159680638724;0.6779773785761811;1826.7266666666665;177.0;Сан Фармасьютикал Индастриз Лтд.;0.005649717514124294;1.0;0.0;0.0;1.0;0.0;0.0;0.0;0.0;0.0;0.0;0.0;0.0;0.0;0.0;0.0;0.0;0.0;0.0;0.0;0.0;0.0;1.0;0.0;0.0;0.0;0.0;0.0;0.0;0.0;0.0;0.0;0.0;0.0;0.0;0.0;0.0;0.0;19.0;0.5018832391713748
ДАВ Фарм ООО;1.0;Маркировка.;4.0;1.0;0.0;0.0;;1.0;1;1.0;55.79939200000001;37.40765089999999;ChIJn_aYQZxItUYRhC6m01eiNzw;"Аптека ООО ""Фарм-Инк""";0.0;http://www.apteki-moscow.ru/directory/page/13/;[['', 5, 1455042055]];;;;1.0;1.0;;1.0;ДАВ Фарм ООО;1.0;0.0;1.0;0.0;1.0;0.0;0.0;0.0;0.0;0.0;0.0;0.02325581395348837;0.0;0.11627906976744184;0.09302325581395347;0.0;0.0;0.0;0.0;0.0;0.0;0.0;0.2325581395348837;0.0;0.04651162790697674;0.0;0.0;0.0;0.2558139534883721;0.16279069767441862;0.06976744186046513;0.0;0.0;0.0;0.0;0.0;0.0;0.0;43.0;0.6666666666666666
Кедрион С.п.А.;0.0;Маркировка.;4.0;0.0;1.0;0.0;;1.0;1;2.0;55.73975000000001;37.7830579;ChIJo5zZa5zKSkERl-aVlk3Q1Xs;Лайф Фактор;;http://www.lifefactor.ru/;[];;;;0.9458333333333332;0.8208333333333333;1709.0;30.0;Талекрис Биотерапьютикс, Инк.;0.03333333333333333;1.0;0.0;0.0;1.0;0.0;0.0;0.0;0.0;0.0;0.0;0.0;0.0;0.0;0.0;0.0;0.0;0.0;0.0;0.0;0.0;0.0;0.0;0.0;0.0;0.0;0.0;0.0;0.0;0.0;1.0;0.0;0.0;0.0;0.0;0.0;0.0;0.0;2.0;0.5111111111111112
Органика АО;0.0;;0.0;0.5;0.5;0.5;;0.3;2;2.0;55.6531819;37.72526769999999;ChIJoUk_NHW0SkERMgy3DMTrbDM;Органика;;http://www.organica-nk.ru/;[];4591358.0;414648.0;43.0;1.0;0.8535412085944;1826.482142857143;189.0;"Открытое акционерное общество ""Органика"" (ОАО  ""Органика"")";0.010582010582010581;0.0;1.0;0.0;0.4514285714285714;0.0;0.017142857142857144;0.5314285714285715;0.0;0.005714285714285714;0.0;0.005714285714285714;0.0;0.18857142857142856;0.06857142857142857;0.0;0.005714285714285714;0.0;0.0;0.0;0.0;0.0;0.03428571428571429;0.0;0.08;0.52;0.017142857142857144;0.0;0.0;0.005714285714285714;0.051428571428571435;0.0;0.0;0.011428571428571429;0.0;0.0;0.005714285714285714;0.005714285714285714;175.0;0.27019400352733686
Гедеон Рихтер ОАО;0.0;Маркировка.;4.0;0.0;1.0;0.0;;1.0;1;2.0;55.7283426;37.61693010000001;ChIJp7OiFxBLtUYRAlLOfZyUKcg;Московское представительство ОАО Гедеон Рихтер (Венгрия);;http://www.g-richter.ru/;[];1666466.0;145682.0;162.0;0.9400477149034518;0.5872718897444911;1765.1818181818182;357.0;"Представительство ОАО ""Гедеон Рихтер"" (Венгрия) г. Москва";0.0028011204481792717;0.7702702702702703;0.2297297297297297;0.0;0.3310810810810811;0.0;0.013513513513513514;0.6554054054054054;0.0;0.0;0.0;0.0;0.0;0.013513513513513514;0.020270270270270268;0.0;0.0;0.0;0.0;0.0;0.006756756756756757;0.0;0.013513513513513514;0.006756756756756757;0.2297297297297297;0.0;0.0;0.0;0.0;0.020270270270270268;0.054054054054054064;0.0;0.027027027027027032;0.020270270270270268;0.08783783783783784;0.28378378378378377;0.013513513513513514;0.20270270270270271;148.0;0.5009337068160598
Озон ООО;-1.0;;0.0;1.0;0.0;0.0;43.0;1.0;4;10.0;55.816399;37.5077009;ChIJpQ9D8jBItUYRFofd50bTTJQ;ОЗОН-МОНТАЖ, ООО;;http://ozon-voda.ru/contacts;[];2281640.0;193662.0;53.0;1.0;0.7419354838709677;1826.0;31.0;Озон ООО;0.12903225806451613;0.0;1.0;0.0;0.7061994609164419;0.0;0.09973045822102426;0.1940700808625337;0.0;0.0026954177897574125;0.0;0.008086253369272238;0.0;0.0;0.01078167115902965;0.07547169811320754;0.005390835579514825;0.0;0.0;0.0;0.0;0.0;0.2075471698113208;0.0;0.38544474393531003;0.0;0.0;0.0;0.0;0.03234501347708895;0.07008086253369272;0.0;0.20215633423180596;0.0026954177897574125;0.0;0.0;0.0;0.0;371.0;0.543010752688172
Биокад ЗАО;0.0;;0.0;1.0;0.0;0.0;;0.6;2;4.0;55.7606729;37.1689262;ChIJq6qqasxEtUYR1tRvm4fQYLs;BIOCAD (ЗАО Биокад);0.2;http://www.biocad.ru/;[['Класс', 5, 1448571870], ['', 5, 1509354873], ['', 5, 1499705474], ['', 1, 1434538583]];680183.0;45594.0;158.0;0.875;0.5744565217391304;1658.8846153846152;135.0;"Закрытое акционерное общество ""Биокад""";0.014814814814814815;0.0;1.0;0.0;0.8;0.0;0.2;0.0;0.0;0.1;0.0;0.0;0.0;0.1;0.0;0.0;0.1;0.0;0.0;0.0;0.0;0.0;0.4;0.0;0.0;0.0;0.1;0.0;0.2;0.0;0.1;0.0;0.0;0.0;0.0;0.0;0.0;0.0;10.0;0.271604938271605
Биомед ОАО им.И.И.Мечникова (г.Красногорск);0.0;;0.0;0.0;1.0;0.0;;1.0;1;1.0;55.75273170000001;37.1651026;ChIJq6qqasxEtUYRKMobQ8i0TjU;"ОАО ""Биомед"" им. И.И. Мечникова";0.1;http://www.biomedm.ru/;[['', 5, 1511024939], ['', 5, 1488107294], ['', 5, 1485685843], ['', 3, 1380545846]];5419231.0;511338.0;30.0;0.9;0.850834879406308;1826.75;133.0;"Открытое акционерное общество ""Биомед"" им.И.И. Мечникова";0.007518796992481203;0.0;1.0;0.0;0.9090909090909092;0.0;0.0;0.09090909090909093;0.0;0.0;0.0;0.09090909090909093;0.0;0.0;0.4545454545454545;0.09090909090909093;0.0;0.0;0.0;0.09090909090909093;0.0;0.0;0.0;0.0;0.09090909090909093;0.0;0.0;0.0;0.09090909090909093;0.09090909090909093;0.0;0.0;0.0;0.0;0.0;0.0;0.0;0.0;11.0;0.3691729323308271
Ист-Фарм ЗАО;0.0;;0.0;0.0;1.0;1.0;184.0;0.3;2;2.0;55.80250699999999;37.74364200000001;ChIJqVjuv-I0tUYR24VQf6E9RMM;ИСТ-ФАРМ;;;[];;;;1.0;0.6525490196078432;1826.1051587301588;57.0;"Общество с ограниченной ответственностью ""ИСТ-ФАРМ"" (ООО ""ИСТ-ФАРМ"")";0.03508771929824561;0.0;1.0;0.0;0.967741935483871;0.0;0.03225806451612903;0.0;0.0;0.06451612903225806;0.0;0.0;0.0;0.0;0.0967741935483871;0.0;0.03225806451612903;0.0;0.0;0.0;0.0;0.0;0.4516129032258064;0.0;0.06451612903225806;0.0;0.0;0.0;0.0;0.06451612903225806;0.2258064516129032;0.0;0.0;0.06451612903225806;0.0;0.0;0.0;0.0;31.0;0.2783625730994152
Натива ООО;0.0;;0.0;0.0;1.0;1.0;;0.4;1;1.0;55.766281000000006;37.593895;ChIJs8k2pDlKtUYRTBV4Ej5i3Os;"ООО ""Натива""";0.0;http://www.nativa.pro/;[['Хорошая компания. Приятно иметь с ними дело.', 5, 1457121289]];2827771.0;261574.0;47.0;0.875;0.6613247863247863;1828.4043715846994;128.0;"Общество с ограниченной ответственностью ""Натива"" (ООО ""Натива"")";0.0078125;0.0;1.0;0.0;0.5;0.0;0.5;0.0;0.0;0.0;0.0;0.0;0.0;0.0;0.0;0.0;0.0;0.0;0.0;0.0;0.0;0.0;0.25;0.0;0.25;0.0;0.0;0.0;0.0;0.0;0.25;0.0;0.0;0.25;0.0;0.0;0.0;0.0;4.0;0.13593750000000002
Красфарма ОАО;0.0;;0.0;0.0;1.0;0.0;;1.0;1;1.0;55.7376634;37.6577927;ChIJsQrpg-dKtUYR-HoJoprREHs;КРАСФАРМА;;http://kraspharma.ru/;[];4761412.0;809200.0;18.0;0.90775014459225;0.6552920763447079;1826.04;161.0;"Открытое акционерное общество ""Красфарма"" (ОАО ""Красфарма"")";0.006211180124223602;0.0;1.0;0.0;0.9872611464968152;0.0;0.0;0.012738853503184714;0.0;0.0;0.0;0.0;0.0;0.10191082802547773;0.11464968152866242;0.0;0.01910828025477707;0.0;0.0;0.0;0.0;0.0;0.0;0.0;0.3630573248407643;0.0;0.03184713375796178;0.0;0.0;0.3312101910828025;0.012738853503184714;0.0;0.012738853503184714;0.0;0.012738853503184714;0.0;0.0;0.0;157.0;0.5020703933747411
Биннофарм АО;0.0;;0.0;1.0;0.0;0.0;;1.0;2;2.0;56.014996;37.18598190000001;ChIJsygL9UIUtUYRsYlUQqhOn8U;Биннофарм;0.2;http://www.binnopharm.ru/;[['Ваш препарат,который нам втюхивают, Эритропоэтин,не работает!! При максимальной дозе,2000?7 в неделю! После импортозамещения,будете прокляты, упал гемоглобин', 1, 1511800012], ['', 5, 1510596035], ['', 5, 1485179544], ['', 5, 1442767541]];3298475.0;231205.0;39.0;0.8533834586466166;0.6191102756892229;1826.4696969696965;103.0;Роскарфарм АО;0.019417475728155338;0.0;1.0;0.0;0.8571428571428571;0.0;0.14285714285714285;0.0;0.0;0.0;0.0;0.0;0.0;0.0;0.0;0.0;0.0;0.0;0.0;0.0;0.0;0.0;0.5;0.0;0.0;0.0;0.0;0.0;0.07142857142857142;0.21428571428571427;0.21428571428571427;0.0;0.0;0.0;0.0;0.0;0.0;0.0;14.0;0.4064724919093851
Замбон С.П.А.;0.0;;0.0;1.0;0.0;0.0;;1.0;1;1.0;55.74374399999999;37.5866491;ChIJteSYs7FLtUYRN4RzNBJ2P1s;Zambon;0.2;http://www.zambon.ru/;[['', 5, 1516360081], ['', 4, 1454503748], ['', 3, 1372204381]];4626173.0;179994.0;75.0;1.0;0.8888888888888891;1826.5;21.0;Замбон Свитцерланд Лтд;0.047619047619047616;1.0;0.0;0.0;0.9545454545454546;0.0;0.0;0.045454545454545456;0.0;0.0;0.0;0.0;0.0;0.2272727272727273;0.6363636363636364;0.0;0.0;0.0;0.0;0.0;0.0;0.0;0.045454545454545456;0.0;0.0;0.0;0.0;0.0;0.045454545454545456;0.0;0.0;0.0;0.0;0.0;0.0;0.045454545454545456;0.0;0.0;22.0;0.4158730158730159
Италфармако С.п.А.;0.0;;0.0;1.0;0.0;0.0;;1.0;1;1.0;55.74363899999999;37.58658300000001;ChIJteSYs7FLtUYRPCw1Aiev_FE;Италфарма Ко.;;http://www.italfarmaco.ru/;[];15204928.0;;30.0;1.0;0.8084415584415584;1826.2222222222226;48.0;Италфармако С.п.а.;0.020833333333333332;1.0;0.0;0.0;0.979591836734694;0.0;0.0;0.020408163265306117;0.0;0.0;0.0;0.16326530612244894;0.0;0.0;0.0;0.16326530612244894;0.0;0.0;0.0;0.0;0.0;0.0;0.30612244897959184;0.0;0.0;0.0;0.0;0.0;0.061224489795918366;0.061224489795918366;0.061224489795918366;0.0;0.16326530612244894;0.0;0.0;0.020408163265306117;0.0;0.0;49.0;0.5069444444444444
Верваг Фарма ГмбХ и Ко.КГ/пр.Солюфарм ГмбХ и Ко.КГ;0.0;;0.0;1.0;0.0;0.0;;1.0;1;1.0;55.76172099999999;37.6789879;ChIJtfmJlfeySkERM8quumUoRUA;Верваг Фарма ГмбХ И Ко. Кг;0.0;http://www.woerwagpharma.ru/;[['', 5, 1436652761]];8973971.0;685826.0;42.0;0.9552669552669552;0.8042929292929293;1813.107142857143;79.0;ТАД Фарма ГмбХ;0.012658227848101266;1.0;0.0;0.0;0.3469387755102041;0.0;0.12244897959183673;0.5306122448979592;0.0;0.1020408163265306;0.0;0.020408163265306117;0.0;0.0;0.08163265306122447;0.0;0.08163265306122447;0.0;0.0;0.0;0.0;0.0;0.1836734693877551;0.0;0.020408163265306117;0.0;0.0;0.0;0.0;0.061224489795918366;0.020408163265306117;0.0;0.0;0.020408163265306117;0.040816326530612235;0.20408163265306126;0.0;0.2653061224489796;49.0;0.3375527426160338
Фармаприм ООО;0.0;;0.0;1.0;0.0;0.0;;1.0;1;3.0;55.78364000000001;37.560017;ChIJu0cpgh5ItUYRgUw7GkBlxZA;ООО «ФК Гранд Капитал»;;http://grand-capital.ru/;[];2631002.0;218792.0;26.0;1.0;1.0;;5.0;Фармаприм ООО;0.2;1.0;0.0;0.0;1.0;0.0;0.0;0.0;0.0;0.03333333333333333;0.0;0.2;0.0;0.26666666666666666;0.2333333333333333;0.06666666666666668;0.03333333333333333;0.0;0.0;0.0;0.0;0.0;0.1;0.0;0.0;0.0;0.0;0.0;0.0;0.03333333333333333;0.06666666666666668;0.0;0.0;0.0;0.0;0.0;0.0;0.0;30.0;0.5666666666666667
Санофи-Синтелабо Лтд;0.0;Проблема в описании.;7.0;0.0;1.0;0.0;;1.0;1;1.0;55.659119;37.7514321;ChIJu4O6bBG0SkERH2Glcrufkzo;Натур Рецепт;0.0;https://www.naturrecept.ru/;[['', 5, 1476204574], ['', 5, 1461946322]];13092036.0;790729.0;113.0;0.9166666666666666;0.75;1886.916666666667;31.0;Санофи-Синтелабо Лтд;0.03225806451612903;0.2711864406779661;0.7288135593220338;0.01694915254237288;0.9830508474576272;0.0;0.0;0.0;0.0;0.0;0.0;0.0;0.0;0.6440677966101694;0.13559322033898305;0.0;0.01694915254237288;0.0;0.0;0.0;0.0;0.0;0.0;0.0;0.06779661016949153;0.0;0.0847457627118644;0.0;0.0;0.05084745762711865;0.0;0.0;0.0;0.0;0.0;0.0;0.0;0.0;59.0;0.3440860215053763
Акрихин ХФК АО;0.0;Проблема в описании.;7.0;1.0;0.0;0.0;;1.0;1;1.0;55.7966692;38.1861776;ChIJu4nq5OHPSkERVN5v6SzNWAI;Акрихин;0.0;http://www.akrikhin.ru/;[['ЗАГОВОР или СГОВОР АПТЕК!  Врач прописал постоянно (пожизненно) принимать 3 раза в день лекарство Мерказолил. Это примерно, как диабетики без инсулина, который получают БЕСПЛАТНО жить не могут, так же и я, но только постоянно покупаю в аптеке Мерказолил, стоимостью от 25-50 рублей за 50-100 штук таблеток. Я проживаю в республике Марий Эл, город Йошкар-Ола к сожалению Мерказолил исчез из всех аптек разом. Обзвонила все аптеки города и все, как один отвечают что этого препарата у них уже давно нет, не завозят, не получают, и предлагают аналогичный импортный препарат Тирозол, но цена его ДОРОЖЕ в 7-10 раз, стоит он от 205-350 рублей за те же 50 штук таблеток. А в одной аптеке мне предложили поехать в УКРАИНУ за Мерказолилом, если я хочу покупать его по прежней цене, мотивируя тем что лекарство выпускается на Украине. А когда я ответила что у меня осталась коробочка от прежнего лекарства и там написано, что Мерказолил выпускается в России в Московской области, г. Старая Купавна, но не успела договорить.... на том конце провода бросили трубочку, раздались короткие гудки... Итак, кто мне ответит, куда обращаться, а может мне вместо импортного дорогостоящего лекарства местечко на кладбище для могилки прикупить в кредит, пенсия моя 5704,03 руб. всё равно, как доктор сказал, не будешь принимать лекарство - умрешь! ', 5, 1444569394], ['На производстве практически стерильно ?', 5, 1489393169], ['Акрихин', 5, 1488785001], ['', 5, 1462694765], ['', 5, 1457116395]];1126463.0;96609.0;116.0;0.9550165982071354;0.7846138007447059;1825.43320802005;361.0;Химфарм АО;0.002770083102493075;0.2268041237113402;0.7731958762886598;0.0;0.9381443298969072;0.0;0.020618556701030927;0.030927835051546393;0.0;0.030927835051546393;0.0;0.08247422680412371;0.0;0.15463917525773194;0.061855670103092786;0.010309278350515464;0.0;0.0;0.0;0.0;0.0;0.0;0.12371134020618554;0.0;0.10309278350515463;0.0;0.010309278350515464;0.0;0.0;0.20618556701030927;0.17525773195876287;0.0;0.020618556701030927;0.030927835051546393;0.0;0.010309278350515464;0.010309278350515464;0.0;97.0;0.33425669436749766
Берлин-Хеми/Менарини Фарма ГмбХ;0.0;;0.0;1.0;0.0;0.0;;1.0;1;1.0;55.71943620000001;37.6119539;ChIJv0hf4BJLtUYRBpKJcntekR0;Берлин-хеми;;http://www.berlin-chemie.ru/;[];955112.0;118413.0;156.0;0.978835978835979;0.5357142857142857;1826.1851851851845;68.0;Берлин-Хеми/Менарини Фарма ГмбХ, Германия;0.014705882352941176;;;;;;;;;;;;;;;;;;;;;;;;;;;;;;;;;;;;;;;0.5049019607843137
Бристол-Майерс Сквибб;0.0;;0.0;1.0;0.0;0.0;;0.4;1;38.0;55.76165349999999;37.65857219999999;ChIJvS5sNolKtUYR0TfMFpYvPcU;Бристол-Майерс Сквибб;0.0;http://b-ms.ru/;[['', 5, 1473797568], ['', 5, 1457254571]];;;;0.8948218837237529;0.5381569365214225;1514.8117050691244;155.0;Упса Лаборатории, отделение Бристол-Майерс Сквибб;0.0064516129032258064;1.0;0.0;0.0;0.8170731707317073;0.0;0.11585365853658534;0.06707317073170732;0.0;0.0;0.0;0.0;0.0;0.027439024390243903;0.06707317073170732;0.0;0.006097560975609756;0.0;0.0;0.006097560975609756;0.0;0.0;0.11585365853658534;0.009146341463414634;0.6829268292682927;0.0;0.003048780487804878;0.0;0.0;0.018292682926829267;0.0;0.0;0.003048780487804878;0.0;0.027439024390243903;0.012195121951219513;0.003048780487804878;0.018292682926829267;328.0;0.13548387096774195
Ядран Галенский Лабораторий АО;0.0;;0.0;1.0;0.0;0.0;;1.0;1;4.0;55.68410400000001;37.5460939;ChIJvTdL7u1MtUYR401N-nauPxk;ЯДРАН — ГАЛЕНСКИ ЛАБОРАТОРИЙ;;http://zercalin.ru/;[];2018696.0;155535.0;13.0;1.0;0.8189542483660128;1826.4;56.0;Ядран Галенский Лабораторий а.о.;0.017857142857142856;1.0;0.0;0.0;0.8;0.0;0.0;0.2;0.0;0.0;0.0;0.0;0.0;0.3;0.1;0.0;0.0;0.0;0.0;0.0;0.0;0.0;0.2;0.0;0.0;0.0;0.0;0.0;0.2;0.0;0.0;0.0;0.0;0.0;0.0;0.1;0.0;0.1;10.0;0.5059523809523809
Касторсервис ООО;0.0;;0.0;0.0;1.0;0.0;;0.2;1;1.0;55.70359499999999;37.7436408;ChIJvdmABgS1SkERLMz-Mtw3REU;Поставщик.ПРО;;http://postavshik.pro/;[];18465042.0;;9.0;1.0;1.0;;1.0;Касторсервис ООО;1.0;0.0;1.0;0.0;1.0;0.0;0.0;0.0;0.0;0.0;0.0;0.0;0.0;0.0;0.0;0.0;0.0;0.0;0.0;0.0;0.0;0.0;1.0;0.0;0.0;0.0;0.0;0.0;0.0;0.0;0.0;0.0;0.0;0.0;0.0;0.0;0.0;0.0;4.0;0.5666666666666667
Новартис Фарма Штейн АГ;0.0;;0.0;1.0;0.0;0.0;;0.6;2;3.0;55.73457399999999;37.642539;ChIJveVS7eFKtUYRdVWjQEI-UOk;Novartis Pharma Services Inc;;http://novartis.ru/;[];2616120.0;210676.0;167.0;0.9858757062146892;0.3432203389830508;1814.81981981982;355.0;Новартис Фарма Штейн АГ;0.005633802816901409;1.0;0.0;0.30952380952380953;0.2380952380952381;0.0;0.07142857142857142;0.3809523809523809;0.0;0.0;0.0;0.0;0.0;0.0;0.0;0.07142857142857142;0.30952380952380953;0.0;0.0;0.21428571428571427;0.047619047619047616;0.0;0.047619047619047616;0.0;0.0;0.0;0.0;0.0;0.0;0.047619047619047616;0.047619047619047616;0.0;0.0;0.023809523809523808;0.023809523809523808;0.0;0.023809523809523808;0.14285714285714285;42.0;0.3685446009389672
Зеленая Дубрава ЗАО;0.0;;0.0;1.0;0.0;0.0;;1.0;1;2.0;55.7403005;37.7408623;ChIJw0jGtFC1SkERVe0FauPd_Mo;Зеленая Дубрава;0.0;http://www.mazi.ru/;[['', 5, 1519572358]];4138007.0;254845.0;22.0;0.9629629629629628;0.7248677248677249;1683.75;35.0;Зеленая Дубрава ЗАО;0.02857142857142857;0.0;1.0;0.0;1.0;0.0;0.0;0.0;0.0;0.0;0.0;0.0;0.0;0.4142857142857143;0.2;0.0;0.0;0.0;0.0;0.0;0.0;0.0;0.042857142857142864;0.0;0.18571428571428567;0.0;0.014285714285714284;0.0;0.0;0.08571428571428573;0.057142857142857134;0.0;0.0;0.0;0.0;0.0;0.0;0.0;70.0;0.3428571428571428
НПО Петровакс Фарм ООО;0.0;;0.0;0.5;0.5;0.0;;1.0;1;2.0;55.76214399999999;37.5705989;ChIJw6CGOPCxSkERZdlGuKq0HOk;НПО Петровакс Фарм;0.32;http://petrovax.ru/;[['', 5, 1515434329], ['', 5, 1512395138], ['', 5, 1505310583], ['', 1, 1476119208], ['', 1, 1469717919]];3070198.0;235546.0;91.0;1.0;1.0;;54.0;Санкт-Петербургский НИИ вакцин и сывороток и предприятие по производству бактерийных препаратов ФГУП ФМБА;0.018518518518518517;0.0;1.0;0.0;0.5138888888888888;0.0;0.4861111111111111;0.0;0.0;0.0;0.0;0.0;0.0;0.013888888888888888;0.0;0.0;0.2777777777777778;0.0;0.0;0.0;0.0;0.0;0.4861111111111111;0.0;0.0;0.0;0.0;0.0;0.027777777777777776;0.1527777777777778;0.013888888888888888;0.0;0.013888888888888888;0.013888888888888888;0.0;0.0;0.0;0.0;72.0;0.44617283950617287
Фармак ОАО;0.0;Проблема в описании.;7.0;0.0;1.0;0.0;;1.0;1;1.0;55.712458;37.42538280000001;ChIJwfdBT4lOtUYRlvmtgXtPoYc;ФАРМАК, фармацевтическая компания;;http://farmak.ua/;[];677230.0;17642.0;159.0;0.8833333333333334;0.37666666666666665;1826.271428571429;57.0;Фармак а.о.;0.017543859649122806;1.0;0.0;0.0;1.0;0.0;0.0;0.0;0.0;0.0;0.0;0.031746031746031744;0.0;0.1746031746031746;0.5555555555555556;0.0;0.0;0.0;0.0;0.0;0.0;0.0;0.0;0.015873015873015872;0.031746031746031744;0.0;0.0;0.0;0.0;0.1746031746031746;0.015873015873015872;0.0;0.0;0.0;0.0;0.0;0.0;0.0;63.0;0.5058479532163743
Байер Фарма АГ;0.0;Упаковка.;4.0;1.0;0.0;0.0;;1.0;1;1.0;55.7903556;37.6599679;ChIJx76NZM1LtUYRQN7LcStjgSg;Bayer AG;0.019999999999999928;https://www.bayer.ru/;[['Офис отличный', 5, 1509259396], ['Изобретатели аспирина и всех его форм', 4, 1490791696], ['Просто офис  Bayer', 5, 1498567492], ['An awesome that serves people.', 5, 1495365414], ['', 5, 1509212205]];393077.0;35731.0;319.0;0.9695697023283232;0.856716769820218;1736.4407894736844;249.0;Байер Шеринг Фарма Ой;0.004016064257028112;1.0;0.0;0.4761904761904762;0.3333333333333333;0.0;0.0;0.19047619047619047;0.0;0.0;0.0;0.0;0.0;0.0;0.14285714285714285;0.0;0.3333333333333333;0.0;0.0;0.19047619047619047;0.0;0.0;0.09523809523809523;0.0;0.0;0.0;0.0;0.0;0.0;0.0;0.14285714285714285;0.0;0.0;0.0;0.0;0.0;0.09523809523809523;0.0;21.0;0.3413386880856761
БиоФармКомбинат ООО;0.0;Проблема в описании.;7.0;1.0;0.0;0.0;;1.0;1;1.0;55.67638700000001;37.570796;ChIJyS2nIclMtUYR6uiXMFxWuKY;"ООО ""Коммерсантъ Картотека""";;http://www.kartoteka.ru/;[];125588.0;6784.0;605.0;1.0;1.0;;1.0;Паркинфарм ООО;1.0;;;;;;;;;;;;;;;;;;;;;;;;;;;;;;;;;;;;;;;0.8333333333333334
Аджио Фармацевтикалз Лтд;1.0;;0.0;0.75;0.25;0.0;;0.9714285714285713;7;28.0;55.686634;37.607479;ChIJydtP0a5MtUYRvaTk_uo0weY;Аджио-Фармацевтика;;http://agio-pharma.yp.ru/;[];64414.0;3574.0;568.0;0.9787234042553192;0.7446808510638298;1826.333333333333;47.0;Аджио Фармацевтикалз Лтд;0.14893617021276595;1.0;0.0;0.0;1.0;0.0;0.0;0.0;0.0;0.008771929824561403;0.0;0.008771929824561403;0.0;0.21929824561403508;0.2543859649122807;0.0;0.017543859649122806;0.0;0.0;0.0;0.0;0.0;0.19298245614035087;0.0;0.0;0.0;0.0;0.0;0.07894736842105263;0.04385964912280702;0.18421052631578946;0.0;0.0;0.0;0.0;0.0;0.0;0.0;114.0;0.5401215805471123
Д-р Реддис Лабораторис Лтд;0.0;;0.0;1.0;0.0;0.0;;0.4;1;1.0;55.74400010000001;37.6349599;ChIJz0wKvftKtUYRE6bn6S4LM_s;Др. Редди'с Лабораторис;0.0;http://ibuclin.com/kontakty/;[['', 5, 1500320654]];11671276.0;;1.0;0.9812000683275518;0.5273277357300535;1826.2990909090909;213.0;Представительство фирмы «Д-р Редди`c Лабораторис Лтд.»;0.004694835680751174;1.0;0.0;0.0;0.4473684210526316;0.0;0.008771929824561403;0.5263157894736842;0.017543859649122806;0.008771929824561403;0.0;0.017543859649122806;0.0;0.03508771929824561;0.05263157894736842;0.0;0.02631578947368421;0.0;0.0;0.0;0.0;0.0;0.008771929824561403;0.03508771929824561;0.16666666666666666;0.0;0.0;0.0;0.0;0.16666666666666666;0.03508771929824561;0.0;0.06140350877192983;0.008771929824561403;0.06140350877192983;0.16666666666666666;0.0;0.15789473684210525;114.0;0.1348982785602504
